time,s1,s2,s3,s4,s5,s6,s7,s8
1398488891,406.821114,414.7304,373.1264428,375.7492306,nan,nan,nan,nan
1398488892,393.7796045,390.7304,363.5689207,365.3646152,nan,nan,nan,nan
1398488894,370.956963,378.7304,360.3830801,358.4415382,nan,nan,nan,nan
1398488897,362.8060196,378.7304,360.3830801,353.2492305,nan,nan,nan,nan
1398488898,369.3267743,390.7304,363.5689207,358.4415382,nan,nan,nan,nan
1398488899,392.1494158,402.7304,376.3122835,368.8261537,nan,nan,nan,nan
1398488900,414.9720574,414.7304,385.8698055,384.4030768,nan,nan,nan,nan
1398488902,413.3418687,390.7304,373.1264428,382.6723076,nan,nan,nan,nan
1398488903,372.5871516,390.7304,354.0113987,351.5184613,nan,nan,nan,nan
1398488904,351.503378,390.7304,350.825558,341.1338458,nan,nan,nan,nan
1398488906,357.9154535,378.7304,360.3830801,348.0569228,nan,nan,nan,nan
1398488908,382.3682837,390.7304,369.9406021,370.5569229,nan,nan,nan,nan
1398488909,416.6022461,426.7304,376.3122835,382.6723076,nan,nan,nan,nan
1398488912,397.0399819,390.7304,366.7547614,368.8261537,nan,nan,nan,nan
1398488913,370.956963,378.7304,357.1972394,354.9799998,nan,nan,nan,nan
1398488914,356.3939441,378.7304,350.825558,341.1338458,nan,nan,nan,nan
1398488914,362.8060196,366.7304,354.0113987,348.0569228,nan,nan,nan,nan
1398488918,398.6701706,390.7304,373.1264428,377.4799999,nan,nan,nan,nan
1398488919,397.0399819,414.7304,376.3122835,379.2107691,nan,nan,nan,nan
1398488920,397.0399819,390.7304,363.5689207,365.3646152,nan,nan,nan,nan
1398488921,385.6286611,402.7304,357.1972394,354.9799997,nan,nan,nan,nan
1398488922,372.5871516,366.7304,360.3830801,354.9799997,nan,nan,nan,nan
1398488924,367.6965856,378.7304,354.0113987,351.5184613,nan,nan,nan,nan
1398488926,372.5871516,378.7304,357.1972394,358.4415382,nan,nan,nan,nan
1398488927,390.5192271,390.7304,376.3122835,372.2876921,nan,nan,nan,nan
1398488928,395.4097932,414.7304,376.3122835,372.2876921,nan,nan,nan,nan
1398488929,395.4097932,390.7304,379.4981241,372.2876921,nan,nan,nan,nan
1398488930,393.7796045,402.7304,360.3830801,361.9030767,nan,nan,nan,nan
1398488932,369.3267743,390.7304,357.1972394,353.2492305,nan,nan,nan,nan
1398488933,366.0663969,378.7304,357.1972394,354.9799998,nan,nan,nan,nan
1398488934,372.5871516,390.7304,357.1972394,351.5184613,nan,nan,nan,nan
1398488935,385.6286611,390.7304,363.5689207,356.710769,nan,nan,nan,nan
1398488936,388.8890385,390.7304,369.9406021,374.0184614,nan,nan,nan,nan
1398488939,383.9984724,390.7304,360.3830801,354.9799997,nan,nan,nan,nan
1398488940,372.5871516,402.7304,357.1972394,353.2492305,nan,nan,nan,nan
1398488941,370.956963,390.7304,360.3830801,354.9799997,nan,nan,nan,nan
1398488942,387.2588498,402.7304,366.7547614,363.6338459,nan,nan,nan,nan
1398488944,388.8890385,390.7304,360.3830801,363.6338459,nan,nan,nan,nan
1398488945,377.4777177,390.7304,360.3830801,358.4415382,nan,nan,nan,nan
1398488946,369.3267743,390.7304,363.5689207,356.710769,nan,nan,nan,nan
1398488948,379.1079064,390.7304,369.9406021,363.6338459,nan,nan,nan,nan
1398488949,400.3003592,402.7304,376.3122835,368.8261537,nan,nan,nan,nan
1398488950,405.1909253,402.7304,366.7547614,370.5569229,nan,nan,nan,nan
1398488952,366.0663969,378.7304,350.825558,354.9799998,nan,nan,nan,nan
1398488953,362.8060196,366.7304,357.1972394,348.0569228,nan,nan,nan,nan
1398488954,361.1758309,378.7304,354.0113987,346.3261536,nan,nan,nan,nan
1398488955,369.3267743,402.7304,366.7547614,354.9799997,nan,nan,nan,nan
1398488956,390.5192271,402.7304,366.7547614,368.8261537,nan,nan,nan,nan
1398488959,387.2588498,390.7304,363.5689207,361.9030767,nan,nan,nan,nan
1398488960,377.4777177,390.7304,360.3830801,354.9799998,nan,nan,nan,nan
1398488961,370.956963,378.7304,360.3830801,354.9799998,nan,nan,nan,nan
1398488962,370.956963,390.7304,363.5689207,356.710769,nan,nan,nan,nan
1398488964,397.0399819,402.7304,373.1264428,370.5569229,nan,nan,nan,nan
1398488966,406.821114,402.7304,373.1264428,377.4799999,nan,nan,nan,nan
1398488967,395.4097932,390.7304,369.9406021,367.0953844,nan,nan,nan,nan
1398488969,361.1758309,378.7304,357.1972394,349.787692,nan,nan,nan,nan
1398488970,357.9154535,366.7304,354.0113987,351.5184613,nan,nan,nan,nan
1398488972,370.956963,378.7304,350.825558,354.9799998,nan,nan,nan,nan
1398488973,385.6286611,390.7304,376.3122835,368.8261537,nan,nan,nan,nan
1398488974,403.5607366,426.7304,376.3122835,374.0184614,nan,nan,nan,nan
1398488975,403.5607366,402.7304,376.3122835,375.7492306,nan,nan,nan,nan
1398488976,398.6701706,390.7304,366.7547614,368.8261537,nan,nan,nan,nan
1398488979,370.956963,402.7304,357.1972394,353.2492305,nan,nan,nan,nan
1398488982,380.7380951,390.7304,366.7547614,358.4415382,nan,nan,nan,nan
1398488983,383.9984724,390.7304,366.7547614,356.710769,nan,nan,nan,nan
1398488984,377.4777177,390.7304,363.5689207,361.9030767,nan,nan,nan,nan
1398488985,382.3682837,378.7304,369.9406021,365.3646152,nan,nan,nan,nan
1398488986,392.1494158,390.7304,369.9406021,367.0953844,nan,nan,nan,nan
1398488989,364.4362082,366.7304,357.1972394,353.2492305,nan,nan,nan,nan
1398488990,361.1758309,354.7304,354.0113987,349.787692,nan,nan,nan,nan
1398488991,361.1758309,390.7304,357.1972394,353.2492305,nan,nan,nan,nan
1398488992,372.5871516,402.7304,366.7547614,360.1723075,nan,nan,nan,nan
1398488994,401.9305479,402.7304,379.4981241,377.4799999,nan,nan,nan,nan
1398488996,414.9720574,402.7304,379.4981241,382.6723076,nan,nan,nan,nan
1398488997,413.3418687,402.7304,366.7547614,375.7492306,nan,nan,nan,nan
1398488998,369.3267743,390.7304,350.825558,351.5184613,nan,nan,nan,nan
1398488999,344.9826233,390.7304,350.825558,339.4030766,nan,nan,nan,nan
1398489001,338.4618686,354.7304,357.1972394,339.4030766,nan,nan,nan,nan
1398489002,405.1909253,414.7304,385.8698055,382.6723076,nan,nan,nan,nan
1398489003,421.4928121,414.7304,385.8698055,391.3261538,nan,nan,nan,nan
1398489004,401.9305479,390.7304,369.9406021,379.2107691,nan,nan,nan,nan
1398489005,392.1494158,402.7304,363.5689207,367.0953844,nan,nan,nan,nan
1398489007,362.8060196,390.7304,347.6397173,341.1338458,nan,nan,nan,nan
1398489010,393.7796045,402.7304,369.9406021,374.0184614,nan,nan,nan,nan
1398489011,403.5607366,402.7304,373.1264428,377.4799999,nan,nan,nan,nan
1398489012,401.9305479,402.7304,369.9406021,375.7492306,nan,nan,nan,nan
1398489013,382.3682837,378.7304,363.5689207,356.710769,nan,nan,nan,nan
1398489015,359.5456422,366.7304,360.3830801,346.3261536,nan,nan,nan,nan
1398489017,366.0663969,390.7304,357.1972394,354.9799997,nan,nan,nan,nan
1398489018,388.8890385,390.7304,363.5689207,365.3646152,nan,nan,nan,nan
1398489019,400.3003592,390.7304,366.7547614,367.0953844,nan,nan,nan,nan
1398489020,393.7796045,390.7304,363.5689207,365.3646152,nan,nan,nan,nan
1398489022,377.4777177,402.7304,363.5689207,356.710769,nan,nan,nan,nan
1398489023,364.4362082,390.7304,363.5689207,360.1723075,nan,nan,nan,nan
1398489024,377.4777177,390.7304,369.9406021,361.9030767,nan,nan,nan,nan
1398489025,388.8890385,402.7304,373.1264428,363.6338459,nan,nan,nan,nan
1398489026,401.9305479,414.7304,373.1264428,367.0953844,nan,nan,nan,nan
1398489027,398.6701706,402.7304,360.3830801,365.3646152,nan,nan,nan,nan
1398489032,369.3267743,390.7304,360.3830801,351.5184613,nan,nan,nan,nan
1398489033,382.3682837,402.7304,366.7547614,358.4415382,nan,nan,nan,nan
1398489034,388.8890385,390.7304,369.9406021,368.8261537,nan,nan,nan,nan
1398489035,390.5192271,402.7304,363.5689207,363.6338459,nan,nan,nan,nan
1398489037,372.5871516,378.7304,360.3830801,354.9799997,nan,nan,nan,nan
1398489038,364.4362082,390.7304,363.5689207,351.5184613,nan,nan,nan,nan
1398489039,403.5607366,402.7304,373.1264428,368.8261537,nan,nan,nan,nan
1398489040,413.3418687,414.7304,366.7547614,370.5569229,nan,nan,nan,nan
1398489041,413.3418687,414.7304,373.1264428,375.7492306,nan,nan,nan,nan
1398489043,382.3682837,378.7304,360.3830801,363.6338459,nan,nan,nan,nan
1398489044,348.2430007,366.7304,347.6397173,335.9415381,nan,nan,nan,nan
1398489045,346.612812,366.7304,350.825558,332.4799996,nan,nan,nan,nan
1398489047,354.7637554,378.7304,360.3830801,339.4030766,nan,nan,nan,nan
1398489047,372.5871516,378.7304,369.9406021,361.9030767,nan,nan,nan,nan
1398489049,413.3418687,414.7304,382.6839648,387.8646153,nan,nan,nan,nan
1398489052,398.6701706,402.7304,363.5689207,363.6338459,nan,nan,nan,nan
1398489053,367.6965856,378.7304,354.0113987,348.0569228,nan,nan,nan,nan
1398489054,349.8731893,378.7304,350.825558,341.1338458,nan,nan,nan,nan
1398489055,362.8060196,390.7304,357.1972394,348.0569228,nan,nan,nan,nan
1398489056,385.6286611,390.7304,366.7547614,365.3646152,nan,nan,nan,nan
1398489058,390.5192271,402.7304,369.9406021,368.8261537,nan,nan,nan,nan
1398489059,390.5192271,390.7304,369.9406021,368.8261537,nan,nan,nan,nan
1398489061,390.5192271,402.7304,360.3830801,365.3646152,nan,nan,nan,nan
1398489062,385.6286611,390.7304,363.5689207,361.9030767,nan,nan,nan,nan
1398489063,374.2173403,366.7304,363.5689207,361.9030767,nan,nan,nan,nan
1398489065,382.3682837,402.7304,360.3830801,356.710769,nan,nan,nan,nan
1398489066,379.1079064,402.7304,360.3830801,354.9799997,nan,nan,nan,nan
1398489067,380.7380951,402.7304,366.7547614,361.9030767,nan,nan,nan,nan
1398489068,379.1079064,402.7304,366.7547614,363.6338459,nan,nan,nan,nan
1398489069,383.9984724,402.7304,363.5689207,360.1723075,nan,nan,nan,nan
1398489073,387.2588498,390.7304,363.5689207,363.6338459,nan,nan,nan,nan
1398489074,388.8890385,390.7304,363.5689207,365.3646152,nan,nan,nan,nan
1398489075,387.2588498,390.7304,366.7547614,361.9030767,nan,nan,nan,nan
1398489076,382.3682837,390.7304,363.5689207,363.6338459,nan,nan,nan,nan
1398489077,383.9984724,378.7304,360.3830801,358.4415382,nan,nan,nan,nan
1398489079,372.5871516,366.7304,357.1972394,353.2492305,nan,nan,nan,nan
1398489080,359.5456422,378.7304,360.3830801,356.710769,nan,nan,nan,nan
1398489081,369.3267743,390.7304,363.5689207,361.9030767,nan,nan,nan,nan
1398489082,382.3682837,366.7304,363.5689207,361.9030767,nan,nan,nan,nan
1398489084,397.0399819,402.7304,369.9406021,365.3646152,nan,nan,nan,nan
1398489086,390.5192271,390.7304,366.7547614,367.0953844,nan,nan,nan,nan
1398489087,382.3682837,390.7304,360.3830801,358.4415382,nan,nan,nan,nan
1398489088,385.6286611,378.7304,360.3830801,356.710769,nan,nan,nan,nan
1398489089,387.2588498,390.7304,360.3830801,356.710769,nan,nan,nan,nan
1398489093,370.956963,378.7304,360.3830801,358.4415382,nan,nan,nan,nan
1398489094,362.8060196,366.7304,363.5689207,354.9799998,nan,nan,nan,nan
1398489095,369.3267743,390.7304,363.5689207,358.4415382,nan,nan,nan,nan
1398489096,388.8890385,390.7304,373.1264428,365.3646152,nan,nan,nan,nan
1398489097,406.821114,426.7304,373.1264428,372.2876921,nan,nan,nan,nan
1398489099,410.0814913,402.7304,373.1264428,374.0184614,nan,nan,nan,nan
1398489102,351.503378,378.7304,347.6397173,342.8646151,nan,nan,nan,nan
1398489103,357.9154535,390.7304,357.1972394,344.5953843,nan,nan,nan,nan
1398489104,375.847529,402.7304,369.9406021,361.9030767,nan,nan,nan,nan
1398489105,401.9305479,414.7304,376.3122835,379.2107691,nan,nan,nan,nan
1398489106,401.9305479,390.7304,369.9406021,375.7492306,nan,nan,nan,nan
1398489108,375.847529,390.7304,354.0113987,349.787692,nan,nan,nan,nan
1398489109,361.1758309,378.7304,354.0113987,342.8646151,nan,nan,nan,nan
1398489111,366.0663969,402.7304,357.1972394,351.5184613,nan,nan,nan,nan
1398489111,382.3682837,390.7304,366.7547614,363.6338459,nan,nan,nan,nan
1398489113,398.6701706,390.7304,373.1264428,374.0184614,nan,nan,nan,nan
1398489115,388.8890385,390.7304,366.7547614,363.6338459,nan,nan,nan,nan
1398489116,380.7380951,390.7304,360.3830801,360.1723075,nan,nan,nan,nan
1398489117,367.6965856,402.7304,357.1972394,348.0569228,nan,nan,nan,nan
1398489118,366.0663969,378.7304,357.1972394,344.5953843,nan,nan,nan,nan
1398489120,370.956963,366.7304,360.3830801,356.710769,nan,nan,nan,nan
1398489123,400.3003592,402.7304,373.1264428,370.5569229,nan,nan,nan,nan
1398489124,395.4097932,390.7304,366.7547614,368.8261537,nan,nan,nan,nan
1398489125,380.7380951,402.7304,363.5689207,361.9030767,nan,nan,nan,nan
1398489126,382.3682837,390.7304,363.5689207,365.3646152,nan,nan,nan,nan
1398489127,379.1079064,402.7304,360.3830801,358.4415382,nan,nan,nan,nan
1398489129,369.3267743,390.7304,354.0113987,348.0569228,nan,nan,nan,nan
1398489130,359.5456422,390.7304,357.1972394,348.0569228,nan,nan,nan,nan
1398489132,374.2173403,402.7304,369.9406021,365.3646152,nan,nan,nan,nan
1398489132,397.0399819,414.7304,373.1264428,375.7492306,nan,nan,nan,nan
1398489134,410.0814913,402.7304,373.1264428,374.0184614,nan,nan,nan,nan
1398489136,387.2588498,402.7304,360.3830801,361.9030767,nan,nan,nan,nan
1398489137,370.956963,378.7304,354.0113987,351.5184613,nan,nan,nan,nan
1398489138,359.5456422,366.7304,350.825558,346.3261536,nan,nan,nan,nan
1398489139,356.3939441,366.7304,357.1972394,346.3261536,nan,nan,nan,nan
1398489140,382.3682837,402.7304,366.7547614,360.1723075,nan,nan,nan,nan
1398489143,400.3003592,402.7304,363.5689207,367.0953844,nan,nan,nan,nan
1398489144,387.2588498,402.7304,363.5689207,365.3646152,nan,nan,nan,nan
1398489145,370.956963,402.7304,363.5689207,356.710769,nan,nan,nan,nan
1398489146,370.956963,390.7304,363.5689207,358.4415382,nan,nan,nan,nan
1398489147,382.3682837,378.7304,360.3830801,358.4415382,nan,nan,nan,nan
1398489150,377.4777177,390.7304,360.3830801,361.9030767,nan,nan,nan,nan
1398489152,380.7380951,390.7304,369.9406021,365.3646152,nan,nan,nan,nan
1398489153,383.9984724,402.7304,366.7547614,367.0953844,nan,nan,nan,nan
1398489154,388.8890385,390.7304,366.7547614,361.9030767,nan,nan,nan,nan
1398489156,379.1079064,390.7304,354.0113987,356.710769,nan,nan,nan,nan
1398489158,374.2173403,402.7304,357.1972394,354.9799998,nan,nan,nan,nan
1398489159,375.847529,378.7304,366.7547614,358.4415382,nan,nan,nan,nan
1398489160,380.7380951,390.7304,366.7547614,358.4415382,nan,nan,nan,nan
1398489161,383.9984724,390.7304,363.5689207,356.710769,nan,nan,nan,nan
1398489163,379.1079064,390.7304,366.7547614,360.1723075,nan,nan,nan,nan
1398489165,390.5192271,402.7304,366.7547614,361.9030767,nan,nan,nan,nan
1398489166,392.1494158,378.7304,366.7547614,365.3646152,nan,nan,nan,nan
1398489167,392.1494158,390.7304,363.5689207,365.3646152,nan,nan,nan,nan
1398489168,390.5192271,390.7304,360.3830801,360.1723075,nan,nan,nan,nan
1398489169,362.8060196,390.7304,357.1972394,348.0569228,nan,nan,nan,nan
1398489172,361.1758309,390.7304,360.3830801,351.5184613,nan,nan,nan,nan
1398489173,375.847529,402.7304,369.9406021,365.3646152,nan,nan,nan,nan
1398489174,390.5192271,390.7304,369.9406021,370.5569229,nan,nan,nan,nan
1398489175,405.1909253,390.7304,369.9406021,365.3646152,nan,nan,nan,nan
1398489176,390.5192271,402.7304,360.3830801,361.9030767,nan,nan,nan,nan
1398489178,372.5871516,402.7304,360.3830801,358.4415382,nan,nan,nan,nan
1398489179,372.5871516,378.7304,360.3830801,356.710769,nan,nan,nan,nan
1398489180,380.7380951,402.7304,360.3830801,356.710769,nan,nan,nan,nan
1398489181,388.8890385,390.7304,363.5689207,356.710769,nan,nan,nan,nan
1398489184,367.6965856,378.7304,360.3830801,361.9030767,nan,nan,nan,nan
1398489186,379.1079064,390.7304,363.5689207,358.4415382,nan,nan,nan,nan
1398489187,395.4097932,390.7304,366.7547614,360.1723075,nan,nan,nan,nan
1398489188,392.1494158,414.7304,366.7547614,363.6338459,nan,nan,nan,nan
1398489189,392.1494158,390.7304,360.3830801,363.6338459,nan,nan,nan,nan
1398489190,369.3267743,390.7304,357.1972394,356.710769,nan,nan,nan,nan
1398489192,362.8060196,378.7304,363.5689207,353.2492305,nan,nan,nan,nan
1398489193,374.2173403,390.7304,360.3830801,356.710769,nan,nan,nan,nan
1398489194,392.1494158,402.7304,369.9406021,367.0953844,nan,nan,nan,nan
1398489195,398.6701706,402.7304,363.5689207,370.5569229,nan,nan,nan,nan
1398489197,388.8890385,390.7304,366.7547614,367.0953844,nan,nan,nan,nan
1398489198,374.2173403,390.7304,360.3830801,358.4415382,nan,nan,nan,nan
1398489199,372.5871516,390.7304,357.1972394,351.5184613,nan,nan,nan,nan
1398489200,375.847529,402.7304,360.3830801,348.0569228,nan,nan,nan,nan
1398489201,379.1079064,378.7304,363.5689207,356.710769,nan,nan,nan,nan
1398489204,379.1079064,366.7304,360.3830801,363.6338459,nan,nan,nan,nan
1398489205,377.4777177,402.7304,363.5689207,356.710769,nan,nan,nan,nan
1398489206,375.847529,378.7304,363.5689207,354.9799997,nan,nan,nan,nan
1398489207,377.4777177,390.7304,363.5689207,360.1723075,nan,nan,nan,nan
1398489209,393.7796045,390.7304,366.7547614,365.3646152,nan,nan,nan,nan
1398489210,401.9305479,390.7304,369.9406021,363.6338459,nan,nan,nan,nan
1398489212,367.6965856,354.7304,357.1972394,356.710769,nan,nan,nan,nan
1398489214,357.9154535,378.7304,357.1972394,346.3261536,nan,nan,nan,nan
1398489215,361.1758309,390.7304,354.0113987,344.5953843,nan,nan,nan,nan
1398489216,366.0663969,390.7304,360.3830801,351.5184613,nan,nan,nan,nan
1398489217,380.7380951,402.7304,366.7547614,367.0953844,nan,nan,nan,nan
1398489219,413.3418687,402.7304,376.3122835,382.6723076,nan,nan,nan,nan
1398489220,423.1230008,414.7304,379.4981241,377.4799999,nan,nan,nan,nan
1398489221,400.3003592,402.7304,360.3830801,363.6338459,nan,nan,nan,nan
1398489222,351.503378,366.7304,350.825558,348.0569228,nan,nan,nan,nan
1398489225,359.5456422,378.7304,360.3830801,342.8646151,nan,nan,nan,nan
1398489227,405.1909253,426.7304,376.3122835,382.6723076,nan,nan,nan,nan
1398489228,408.4513026,402.7304,379.4981241,386.1338461,nan,nan,nan,nan
1398489229,405.1909253,390.7304,376.3122835,379.2107691,nan,nan,nan,nan
1398489230,393.7796045,390.7304,363.5689207,365.3646152,nan,nan,nan,nan
1398489232,366.0663969,390.7304,350.825558,344.5953843,nan,nan,nan,nan
1398489233,346.612812,366.7304,354.0113987,348.0569228,nan,nan,nan,nan
1398489235,387.2588498,402.7304,363.5689207,360.1723075,nan,nan,nan,nan
1398489236,393.7796045,402.7304,366.7547614,367.0953844,nan,nan,nan,nan
1398489237,390.5192271,402.7304,366.7547614,370.5569229,nan,nan,nan,nan
1398489239,383.9984724,390.7304,366.7547614,363.6338459,nan,nan,nan,nan
1398489241,387.2588498,402.7304,360.3830801,354.9799998,nan,nan,nan,nan
1398489242,380.7380951,390.7304,360.3830801,356.710769,nan,nan,nan,nan
1398489243,377.4777177,390.7304,357.1972394,358.4415382,nan,nan,nan,nan
1398489244,374.2173403,390.7304,360.3830801,356.710769,nan,nan,nan,nan
1398489246,377.4777177,390.7304,366.7547614,358.4415382,nan,nan,nan,nan
1398489248,380.7380951,378.7304,369.9406021,365.3646152,nan,nan,nan,nan
1398489249,385.6286611,402.7304,366.7547614,363.6338459,nan,nan,nan,nan
1398489250,387.2588498,390.7304,366.7547614,361.9030767,nan,nan,nan,nan
1398489251,374.2173403,390.7304,360.3830801,356.710769,nan,nan,nan,nan
1398489252,375.847529,390.7304,360.3830801,353.2492305,nan,nan,nan,nan
1398489254,395.4097932,378.7304,369.9406021,367.0953844,nan,nan,nan,nan
1398489256,397.0399819,402.7304,369.9406021,368.8261537,nan,nan,nan,nan
1398489257,379.1079064,390.7304,363.5689207,365.3646152,nan,nan,nan,nan
1398489258,357.9154535,378.7304,354.0113987,349.787692,nan,nan,nan,nan
1398489259,377.4777177,378.7304,366.7547614,354.9799998,nan,nan,nan,nan
1398489262,398.6701706,390.7304,373.1264428,379.2107691,nan,nan,nan,nan
1398489263,403.5607366,390.7304,373.1264428,380.9415383,nan,nan,nan,nan
1398489264,398.6701706,390.7304,366.7547614,367.0953844,nan,nan,nan,nan
1398489265,372.5871516,390.7304,360.3830801,349.787692,nan,nan,nan,nan
1398489268,361.1758309,378.7304,357.1972394,349.787692,nan,nan,nan,nan
1398489271,398.6701706,414.7304,366.7547614,370.5569229,nan,nan,nan,nan
1398489272,397.0399819,390.7304,369.9406021,374.0184614,nan,nan,nan,nan
1398489273,397.0399819,390.7304,369.9406021,370.5569229,nan,nan,nan,nan
1398489274,390.5192271,402.7304,363.5689207,358.4415382,nan,nan,nan,nan
1398489275,375.847529,414.7304,357.1972394,351.5184613,nan,nan,nan,nan
1398489278,372.5871516,366.7304,360.3830801,354.9799998,nan,nan,nan,nan
1398489279,387.2588498,390.7304,360.3830801,358.4415382,nan,nan,nan,nan
1398489280,387.2588498,402.7304,363.5689207,358.4415382,nan,nan,nan,nan
1398489281,383.9984724,378.7304,369.9406021,365.3646152,nan,nan,nan,nan
1398489283,379.1079064,390.7304,366.7547614,361.9030767,nan,nan,nan,nan
1398489284,387.2588498,390.7304,363.5689207,358.4415382,nan,nan,nan,nan
1398489285,388.8890385,402.7304,360.3830801,361.9030767,nan,nan,nan,nan
1398489287,379.1079064,402.7304,363.5689207,360.1723075,nan,nan,nan,nan
1398489288,375.847529,390.7304,363.5689207,356.710769,nan,nan,nan,nan
1398489289,377.4777177,402.7304,360.3830801,353.2492305,nan,nan,nan,nan
1398489291,383.9984724,402.7304,369.9406021,363.6338459,nan,nan,nan,nan
1398489292,388.8890385,414.7304,366.7547614,367.0953844,nan,nan,nan,nan
1398489293,392.1494158,378.7304,366.7547614,363.6338459,nan,nan,nan,nan
1398489294,383.9984724,366.7304,357.1972394,358.4415382,nan,nan,nan,nan
1398489295,359.5456422,390.7304,350.825558,353.2492305,nan,nan,nan,nan
1398489298,379.1079064,402.7304,366.7547614,356.710769,nan,nan,nan,nan
1398489299,393.7796045,402.7304,369.9406021,360.1723075,nan,nan,nan,nan
1398489300,408.4513026,390.7304,369.9406021,377.4799999,nan,nan,nan,nan
1398489301,403.5607366,390.7304,369.9406021,377.4799999,nan,nan,nan,nan
1398489303,385.6286611,390.7304,360.3830801,358.4415382,nan,nan,nan,nan
1398489304,362.8060196,366.7304,350.825558,342.8646151,nan,nan,nan,nan
1398489305,353.1335667,390.7304,354.0113987,341.1338458,nan,nan,nan,nan
1398489306,362.8060196,390.7304,360.3830801,349.787692,nan,nan,nan,nan
1398489307,382.3682837,378.7304,369.9406021,363.6338459,nan,nan,nan,nan
1398489309,398.6701706,402.7304,373.1264428,375.7492306,nan,nan,nan,nan
1398489311,397.0399819,402.7304,369.9406021,372.2876921,nan,nan,nan,nan
1398489312,390.5192271,390.7304,363.5689207,358.4415382,nan,nan,nan,nan
1398489313,382.3682837,390.7304,357.1972394,351.5184613,nan,nan,nan,nan
1398489314,370.956963,378.7304,357.1972394,349.787692,nan,nan,nan,nan
1398489315,375.847529,402.7304,357.1972394,356.710769,nan,nan,nan,nan
1398489318,388.8890385,390.7304,366.7547614,360.1723075,nan,nan,nan,nan
1398489319,385.6286611,390.7304,366.7547614,361.9030767,nan,nan,nan,nan
1398489320,375.847529,390.7304,363.5689207,358.4415382,nan,nan,nan,nan
1398489321,367.6965856,366.7304,357.1972394,358.4415382,nan,nan,nan,nan
1398489323,370.956963,378.7304,363.5689207,353.2492305,nan,nan,nan,nan
1398489324,392.1494158,390.7304,363.5689207,361.9030767,nan,nan,nan,nan
1398489325,397.0399819,402.7304,369.9406021,365.3646152,nan,nan,nan,nan
1398489327,401.9305479,402.7304,369.9406021,372.2876921,nan,nan,nan,nan
1398489328,397.0399819,414.7304,369.9406021,367.0953844,nan,nan,nan,nan
1398489331,354.7637554,366.7304,347.6397173,341.1338458,nan,nan,nan,nan
1398489332,354.7637554,378.7304,354.0113987,348.0569228,nan,nan,nan,nan
1398489333,382.3682837,390.7304,366.7547614,365.3646152,nan,nan,nan,nan
1398489334,413.3418687,402.7304,379.4981241,382.6723076,nan,nan,nan,nan
1398489335,414.9720574,402.7304,382.6839648,382.6723076,nan,nan,nan,nan
1398489338,383.9984724,378.7304,360.3830801,358.4415382,nan,nan,nan,nan
1398489340,361.1758309,378.7304,350.825558,342.8646151,nan,nan,nan,nan
1398489341,356.3939441,390.7304,354.0113987,346.3261536,nan,nan,nan,nan
1398489342,374.2173403,378.7304,363.5689207,358.4415382,nan,nan,nan,nan
1398489343,382.3682837,402.7304,363.5689207,367.0953844,nan,nan,nan,nan
1398489344,398.6701706,402.7304,373.1264428,367.0953844,nan,nan,nan,nan
1398489347,392.1494158,414.7304,369.9406021,368.8261537,nan,nan,nan,nan
1398489348,390.5192271,378.7304,363.5689207,367.0953844,nan,nan,nan,nan
1398489349,387.2588498,390.7304,360.3830801,356.710769,nan,nan,nan,nan
1398489350,385.6286611,390.7304,357.1972394,353.2492305,nan,nan,nan,nan
1398489352,361.1758309,378.7304,350.825558,354.9799998,nan,nan,nan,nan
1398489354,366.0663969,390.7304,360.3830801,353.2492305,nan,nan,nan,nan
1398489355,377.4777177,390.7304,366.7547614,360.1723075,nan,nan,nan,nan
1398489356,390.5192271,402.7304,373.1264428,372.2876921,nan,nan,nan,nan
1398489357,401.9305479,414.7304,369.9406021,375.7492306,nan,nan,nan,nan
1398489360,382.3682837,378.7304,360.3830801,354.9799997,nan,nan,nan,nan
1398489362,369.3267743,390.7304,354.0113987,351.5184613,nan,nan,nan,nan
1398489363,372.5871516,402.7304,357.1972394,351.5184613,nan,nan,nan,nan
1398489364,374.2173403,390.7304,363.5689207,354.9799997,nan,nan,nan,nan
1398489365,377.4777177,390.7304,363.5689207,361.9030767,nan,nan,nan,nan
1398489366,383.9984724,390.7304,369.9406021,365.3646152,nan,nan,nan,nan
1398489368,387.2588498,402.7304,366.7547614,363.6338459,nan,nan,nan,nan
1398489370,379.1079064,390.7304,360.3830801,356.710769,nan,nan,nan,nan
1398489371,375.847529,390.7304,363.5689207,356.710769,nan,nan,nan,nan
1398489372,377.4777177,390.7304,360.3830801,360.1723075,nan,nan,nan,nan
1398489373,392.1494158,414.7304,366.7547614,360.1723075,nan,nan,nan,nan
1398489375,379.1079064,402.7304,363.5689207,361.9030767,nan,nan,nan,nan
1398489376,380.7380951,390.7304,366.7547614,360.1723075,nan,nan,nan,nan
1398489377,379.1079064,402.7304,360.3830801,351.5184613,nan,nan,nan,nan
1398489378,379.1079064,390.7304,360.3830801,353.2492305,nan,nan,nan,nan
1398489381,379.1079064,378.7304,363.5689207,363.6338459,nan,nan,nan,nan
1398489382,397.0399819,390.7304,366.7547614,365.3646152,nan,nan,nan,nan
1398489383,392.1494158,390.7304,363.5689207,361.9030767,nan,nan,nan,nan
1398489384,367.6965856,378.7304,360.3830801,354.9799998,nan,nan,nan,nan
1398489385,366.0663969,366.7304,357.1972394,354.9799997,nan,nan,nan,nan
1398489387,374.2173403,378.7304,360.3830801,353.2492305,nan,nan,nan,nan
1398489389,387.2588498,402.7304,363.5689207,365.3646152,nan,nan,nan,nan
1398489392,405.1909253,390.7304,369.9406021,368.8261537,nan,nan,nan,nan
1398489393,395.4097932,402.7304,363.5689207,365.3646152,nan,nan,nan,nan
1398489394,377.4777177,378.7304,360.3830801,356.710769,nan,nan,nan,nan
1398489395,346.612812,378.7304,350.825558,341.1338458,nan,nan,nan,nan
1398489397,380.7380951,390.7304,363.5689207,353.2492305,nan,nan,nan,nan
1398489398,390.5192271,390.7304,369.9406021,363.6338459,nan,nan,nan,nan
1398489399,401.9305479,402.7304,369.9406021,375.7492306,nan,nan,nan,nan
1398489400,401.9305479,402.7304,373.1264428,375.7492306,nan,nan,nan,nan
1398489402,372.5871516,402.7304,354.0113987,348.0569228,nan,nan,nan,nan
1398489404,354.7637554,390.7304,357.1972394,346.3261536,nan,nan,nan,nan
1398489405,366.0663969,390.7304,357.1972394,353.2492305,nan,nan,nan,nan
1398489406,383.9984724,402.7304,366.7547614,358.4415382,nan,nan,nan,nan
1398489407,400.3003592,402.7304,369.9406021,370.5569229,nan,nan,nan,nan
1398489409,392.1494158,390.7304,363.5689207,368.8261537,nan,nan,nan,nan
1398489412,364.4362082,390.7304,354.0113987,349.787692,nan,nan,nan,nan
1398489413,358.0241328,366.7304,354.0113987,341.1338458,nan,nan,nan,nan
1398489414,353.1335667,378.7304,357.1972394,346.3261536,nan,nan,nan,nan
1398489415,383.9984724,390.7304,366.7547614,361.9030767,nan,nan,nan,nan
1398489416,413.3418687,402.7304,376.3122835,372.2876921,nan,nan,nan,nan
1398489418,405.1909253,414.7304,373.1264428,377.4799999,nan,nan,nan,nan
1398489419,392.1494158,402.7304,366.7547614,368.8261537,nan,nan,nan,nan
1398489421,367.6965856,378.7304,354.0113987,344.5953843,nan,nan,nan,nan
1398489422,353.1335667,378.7304,344.4538767,332.4799996,nan,nan,nan,nan
1398489423,343.3524346,390.7304,354.0113987,339.4030766,nan,nan,nan,nan
1398489425,398.6701706,402.7304,376.3122835,372.2876921,nan,nan,nan,nan
1398489426,423.1230008,414.7304,382.6839648,382.6723076,nan,nan,nan,nan
1398489427,416.6022461,402.7304,376.3122835,380.9415383,nan,nan,nan,nan
1398489428,403.5607366,402.7304,369.9406021,374.0184614,nan,nan,nan,nan
1398489430,348.2430007,366.7304,338.0821953,327.2876919,nan,nan,nan,nan
1398489433,351.503378,390.7304,357.1972394,342.8646151,nan,nan,nan,nan
1398489434,388.8890385,390.7304,379.4981241,375.7492306,nan,nan,nan,nan
1398489435,437.7946989,426.7304,389.0556462,394.7876922,nan,nan,nan,nan
1398489436,441.0550763,402.7304,385.8698055,393.056923,nan,nan,nan,nan
1398489437,385.6286611,402.7304,360.3830801,361.9030767,nan,nan,nan,nan
1398489439,348.2430007,378.7304,350.825558,329.0184612,nan,nan,nan,nan
1398489441,336.8316799,354.7304,344.4538767,325.5569227,nan,nan,nan,nan
1398489442,344.9826233,378.7304,357.1972394,341.1338458,nan,nan,nan,nan
1398489443,372.5871516,402.7304,373.1264428,368.8261537,nan,nan,nan,nan
1398489444,424.7531895,426.7304,382.6839648,386.1338461,nan,nan,nan,nan
1398489446,408.4513026,414.7304,369.9406021,375.7492306,nan,nan,nan,nan
1398489447,370.956963,378.7304,354.0113987,351.5184613,nan,nan,nan,nan
1398489448,361.1758309,366.7304,350.825558,341.1338458,nan,nan,nan,nan
1398489449,346.612812,378.7304,341.268036,329.0184612,nan,nan,nan,nan
1398489453,408.4513026,402.7304,382.6839648,380.9415383,nan,nan,nan,nan
1398489455,390.5192271,402.7304,360.3830801,358.4415382,nan,nan,nan,nan
1398489456,380.7380951,390.7304,350.825558,351.5184613,nan,nan,nan,nan
1398489457,362.8060196,390.7304,354.0113987,346.3261536,nan,nan,nan,nan
1398489458,359.5456422,366.7304,347.6397173,344.5953843,nan,nan,nan,nan
1398489459,374.2173403,390.7304,357.1972394,351.5184613,nan,nan,nan,nan
1398489462,393.7796045,378.7304,373.1264428,367.0953844,nan,nan,nan,nan
1398489463,392.1494158,414.7304,366.7547614,367.0953844,nan,nan,nan,nan
1398489464,382.3682837,378.7304,360.3830801,356.710769,nan,nan,nan,nan
1398489465,374.2173403,390.7304,357.1972394,353.2492305,nan,nan,nan,nan
1398489467,366.0663969,378.7304,360.3830801,353.2492305,nan,nan,nan,nan
1398489468,387.2588498,390.7304,363.5689207,358.4415382,nan,nan,nan,nan
1398489469,390.5192271,390.7304,366.7547614,368.8261537,nan,nan,nan,nan
1398489471,388.8890385,402.7304,369.9406021,361.9030767,nan,nan,nan,nan
1398489472,379.1079064,402.7304,360.3830801,353.2492305,nan,nan,nan,nan
1398489473,370.956963,402.7304,360.3830801,353.2492305,nan,nan,nan,nan
1398489475,385.6286611,414.7304,369.9406021,361.9030767,nan,nan,nan,nan
1398489476,393.7796045,402.7304,363.5689207,361.9030767,nan,nan,nan,nan
1398489477,397.0399819,390.7304,363.5689207,361.9030767,nan,nan,nan,nan
1398489478,387.2588498,378.7304,360.3830801,358.4415382,nan,nan,nan,nan
1398489479,362.8060196,390.7304,357.1972394,354.9799998,nan,nan,nan,nan
1398489482,383.9984724,390.7304,366.7547614,354.9799997,nan,nan,nan,nan
1398489483,395.4097932,390.7304,369.9406021,361.9030767,nan,nan,nan,nan
1398489484,392.1494158,366.7304,363.5689207,367.0953844,nan,nan,nan,nan
1398489485,385.6286611,390.7304,363.5689207,365.3646152,nan,nan,nan,nan
1398489487,379.1079064,378.7304,360.3830801,356.710769,nan,nan,nan,nan
1398489488,374.2173403,366.7304,357.1972394,351.5184613,nan,nan,nan,nan
1398489489,375.847529,378.7304,360.3830801,354.9799998,nan,nan,nan,nan
1398489491,379.1079064,390.7304,360.3830801,356.710769,nan,nan,nan,nan
1398489492,383.9984724,378.7304,366.7547614,361.9030767,nan,nan,nan,nan
1398489494,390.5192271,378.7304,366.7547614,368.8261537,nan,nan,nan,nan
1398489496,385.6286611,402.7304,363.5689207,356.710769,nan,nan,nan,nan
1398489497,374.2173403,390.7304,357.1972394,354.9799998,nan,nan,nan,nan
1398489498,366.0663969,366.7304,357.1972394,353.2492305,nan,nan,nan,nan
1398489499,366.0663969,390.7304,354.0113987,353.2492305,nan,nan,nan,nan
1398489502,388.8890385,414.7304,363.5689207,356.710769,nan,nan,nan,nan
1398489503,393.7796045,390.7304,360.3830801,367.0953844,nan,nan,nan,nan
1398489504,380.7380951,378.7304,357.1972394,360.1723075,nan,nan,nan,nan
1398489505,377.4777177,390.7304,360.3830801,354.9799997,nan,nan,nan,nan
1398489506,374.2173403,390.7304,363.5689207,353.2492305,nan,nan,nan,nan
1398489508,369.3267743,414.7304,363.5689207,353.2492305,nan,nan,nan,nan
1398489510,387.2588498,390.7304,360.3830801,356.710769,nan,nan,nan,nan
1398489513,369.3267743,390.7304,360.3830801,358.4415382,nan,nan,nan,nan
1398489514,375.847529,390.7304,363.5689207,354.9799997,nan,nan,nan,nan
1398489515,382.3682837,390.7304,360.3830801,354.9799998,nan,nan,nan,nan
1398489517,385.6286611,366.7304,366.7547614,365.3646152,nan,nan,nan,nan
1398489518,383.9984724,390.7304,363.5689207,363.6338459,nan,nan,nan,nan
1398489519,385.6286611,366.7304,363.5689207,358.4415382,nan,nan,nan,nan
1398489520,379.1079064,402.7304,363.5689207,349.787692,nan,nan,nan,nan
1398489521,369.3267743,378.7304,360.3830801,353.2492305,nan,nan,nan,nan
1398489523,369.3267743,390.7304,360.3830801,356.710769,nan,nan,nan,nan
1398489525,390.5192271,390.7304,363.5689207,360.1723075,nan,nan,nan,nan
1398489526,392.1494158,402.7304,369.9406021,360.1723075,nan,nan,nan,nan
1398489527,388.8890385,402.7304,360.3830801,360.1723075,nan,nan,nan,nan
1398489528,372.5871516,390.7304,363.5689207,360.1723075,nan,nan,nan,nan
1398489529,366.0663969,378.7304,350.825558,348.0569228,nan,nan,nan,nan
1398489532,385.6286611,390.7304,369.9406021,367.0953844,nan,nan,nan,nan
1398489533,400.3003592,390.7304,369.9406021,375.7492306,nan,nan,nan,nan
1398489534,405.1909253,390.7304,366.7547614,370.5569229,nan,nan,nan,nan
1398489535,385.6286611,390.7304,357.1972394,356.710769,nan,nan,nan,nan
1398489537,343.3524346,378.7304,350.825558,342.8646151,nan,nan,nan,nan
1398489538,349.8731893,378.7304,360.3830801,348.0569228,nan,nan,nan,nan
1398489539,385.6286611,390.7304,363.5689207,356.710769,nan,nan,nan,nan
1398489541,414.9720574,402.7304,379.4981241,382.6723076,nan,nan,nan,nan
1398489542,388.8890385,390.7304,363.5689207,365.3646152,nan,nan,nan,nan
1398489544,359.5456422,390.7304,347.6397173,342.8646151,nan,nan,nan,nan
1398489546,361.1758309,390.7304,360.3830801,348.0569228,nan,nan,nan,nan
1398489547,383.9984724,402.7304,366.7547614,367.0953844,nan,nan,nan,nan
1398489548,387.2588498,378.7304,366.7547614,368.8261537,nan,nan,nan,nan
1398489549,395.4097932,390.7304,366.7547614,372.2876921,nan,nan,nan,nan
1398489552,385.6286611,402.7304,360.3830801,361.9030767,nan,nan,nan,nan
1398489553,367.6965856,402.7304,350.825558,344.5953843,nan,nan,nan,nan
1398489554,374.2173403,378.7304,357.1972394,356.710769,nan,nan,nan,nan
1398489555,379.1079064,402.7304,363.5689207,360.1723075,nan,nan,nan,nan
1398489556,383.9984724,390.7304,363.5689207,368.8261537,nan,nan,nan,nan
1398489558,379.1079064,402.7304,363.5689207,361.9030767,nan,nan,nan,nan
1398489560,362.8060196,402.7304,363.5689207,353.2492305,nan,nan,nan,nan
1398489561,380.7380951,390.7304,369.9406021,363.6338459,nan,nan,nan,nan
1398489562,393.7796045,390.7304,373.1264428,365.3646152,nan,nan,nan,nan
1398489563,398.6701706,402.7304,366.7547614,367.0953844,nan,nan,nan,nan
1398489565,387.2588498,402.7304,360.3830801,360.1723075,nan,nan,nan,nan
1398489567,369.3267743,390.7304,350.825558,349.787692,nan,nan,nan,nan
1398489568,361.1758309,378.7304,350.825558,349.787692,nan,nan,nan,nan
1398489569,362.8060196,378.7304,366.7547614,353.2492305,nan,nan,nan,nan
1398489570,377.4777177,390.7304,369.9406021,368.8261537,nan,nan,nan,nan
1398489574,380.7380951,402.7304,363.5689207,361.9030767,nan,nan,nan,nan
1398489576,366.0663969,378.7304,354.0113987,351.5184613,nan,nan,nan,nan
1398489577,367.6965856,390.7304,357.1972394,349.787692,nan,nan,nan,nan
1398489578,370.956963,378.7304,354.0113987,349.787692,nan,nan,nan,nan
1398489579,379.1079064,402.7304,363.5689207,360.1723075,nan,nan,nan,nan
1398489580,395.4097932,414.7304,376.3122835,368.8261537,nan,nan,nan,nan
1398489583,390.5192271,378.7304,360.3830801,361.9030767,nan,nan,nan,nan
1398489584,357.9154535,366.7304,350.825558,346.3261536,nan,nan,nan,nan
1398489585,358.0241328,390.7304,350.825558,344.5953843,nan,nan,nan,nan
1398489586,354.7637554,390.7304,350.825558,342.8646151,nan,nan,nan,nan
1398489588,369.3267743,378.7304,366.7547614,360.1723075,nan,nan,nan,nan
1398489590,405.1909253,426.7304,379.4981241,379.2107691,nan,nan,nan,nan
1398489591,406.821114,402.7304,373.1264428,379.2107691,nan,nan,nan,nan
1398489592,387.2588498,402.7304,357.1972394,351.5184613,nan,nan,nan,nan
1398489593,379.1079064,402.7304,354.0113987,351.5184613,nan,nan,nan,nan
1398489595,364.4362082,378.7304,350.825558,349.787692,nan,nan,nan,nan
1398489597,375.847529,402.7304,360.3830801,353.2492305,nan,nan,nan,nan
1398489598,382.3682837,390.7304,366.7547614,354.9799997,nan,nan,nan,nan
1398489599,380.7380951,390.7304,369.9406021,356.710769,nan,nan,nan,nan
1398489600,383.9984724,402.7304,366.7547614,363.6338459,nan,nan,nan,nan
1398489602,382.3682837,402.7304,366.7547614,358.4415382,nan,nan,nan,nan
1398489604,369.3267743,390.7304,357.1972394,353.2492305,nan,nan,nan,nan
1398489605,375.847529,366.7304,360.3830801,358.4415382,nan,nan,nan,nan
1398489606,393.7796045,402.7304,369.9406021,365.3646152,nan,nan,nan,nan
1398489607,400.3003592,402.7304,366.7547614,368.8261537,nan,nan,nan,nan
1398489609,387.2588498,390.7304,363.5689207,367.0953844,nan,nan,nan,nan
1398489611,379.1079064,390.7304,357.1972394,356.710769,nan,nan,nan,nan
1398489612,374.2173403,390.7304,357.1972394,348.0569228,nan,nan,nan,nan
1398489613,366.0663969,378.7304,354.0113987,346.3261536,nan,nan,nan,nan
1398489614,361.1758309,378.7304,357.1972394,349.787692,nan,nan,nan,nan
1398489616,377.4777177,390.7304,360.3830801,358.4415382,nan,nan,nan,nan
1398489617,403.5607366,402.7304,369.9406021,365.3646152,nan,nan,nan,nan
1398489618,393.7796045,390.7304,373.1264428,368.8261537,nan,nan,nan,nan
1398489619,377.4777177,378.7304,360.3830801,360.1723075,nan,nan,nan,nan
1398489620,375.847529,390.7304,354.0113987,353.2492305,nan,nan,nan,nan
1398489622,369.3267743,390.7304,350.825558,344.5953843,nan,nan,nan,nan
1398489625,380.7380951,390.7304,363.5689207,361.9030767,nan,nan,nan,nan
1398489626,388.8890385,402.7304,366.7547614,360.1723075,nan,nan,nan,nan
1398489627,395.4097932,390.7304,369.9406021,365.3646152,nan,nan,nan,nan
1398489628,392.1494158,390.7304,366.7547614,367.0953844,nan,nan,nan,nan
1398489630,374.2173403,390.7304,354.0113987,351.5184613,nan,nan,nan,nan
1398489633,377.4777177,390.7304,360.3830801,358.4415382,nan,nan,nan,nan
1398489635,403.5607366,390.7304,376.3122835,372.2876921,nan,nan,nan,nan
1398489636,397.0399819,390.7304,363.5689207,368.8261537,nan,nan,nan,nan
1398489637,380.7380951,378.7304,357.1972394,354.9799997,nan,nan,nan,nan
1398489638,349.8731893,378.7304,354.0113987,344.5953843,nan,nan,nan,nan
1398489640,377.4777177,402.7304,366.7547614,353.2492305,nan,nan,nan,nan
1398489641,387.2588498,390.7304,366.7547614,361.9030767,nan,nan,nan,nan
1398489642,401.9305479,390.7304,369.9406021,367.0953844,nan,nan,nan,nan
1398489643,398.6701706,402.7304,363.5689207,368.8261537,nan,nan,nan,nan
1398489645,379.1079064,378.7304,357.1972394,353.2492305,nan,nan,nan,nan
1398489647,359.5456422,390.7304,354.0113987,349.787692,nan,nan,nan,nan
1398489648,359.5456422,390.7304,357.1972394,353.2492305,nan,nan,nan,nan
1398489649,374.2173403,402.7304,363.5689207,356.710769,nan,nan,nan,nan
1398489650,393.7796045,402.7304,366.7547614,358.4415382,nan,nan,nan,nan
1398489652,390.5192271,402.7304,363.5689207,360.1723075,nan,nan,nan,nan
1398489653,369.3267743,390.7304,366.7547614,361.9030767,nan,nan,nan,nan
1398489654,388.8890385,402.7304,357.1972394,356.710769,nan,nan,nan,nan
1398489655,392.1494158,390.7304,360.3830801,358.4415382,nan,nan,nan,nan
1398489656,390.5192271,390.7304,357.1972394,360.1723075,nan,nan,nan,nan
1398489658,370.956963,390.7304,360.3830801,354.9799997,nan,nan,nan,nan
1398489660,375.847529,378.7304,357.1972394,353.2492305,nan,nan,nan,nan
1398489661,380.7380951,390.7304,354.0113987,354.9799998,nan,nan,nan,nan
1398489662,380.7380951,378.7304,360.3830801,363.6338459,nan,nan,nan,nan
1398489663,380.7380951,390.7304,363.5689207,363.6338459,nan,nan,nan,nan
1398489666,374.2173403,390.7304,354.0113987,351.5184613,nan,nan,nan,nan
1398489668,370.956963,390.7304,360.3830801,360.1723075,nan,nan,nan,nan
1398489669,385.6286611,378.7304,369.9406021,363.6338459,nan,nan,nan,nan
1398489670,401.9305479,390.7304,369.9406021,367.0953844,nan,nan,nan,nan
1398489671,400.3003592,390.7304,363.5689207,367.0953844,nan,nan,nan,nan
1398489672,367.6965856,378.7304,350.825558,351.5184613,nan,nan,nan,nan
1398489674,356.3939441,378.7304,357.1972394,344.5953843,nan,nan,nan,nan
1398489676,369.3267743,378.7304,354.0113987,351.5184613,nan,nan,nan,nan
1398489677,382.3682837,390.7304,366.7547614,361.9030767,nan,nan,nan,nan
1398489678,395.4097932,414.7304,369.9406021,370.5569229,nan,nan,nan,nan
1398489679,382.3682837,378.7304,357.1972394,358.4415382,nan,nan,nan,nan
1398489682,353.1335667,390.7304,350.825558,344.5953843,nan,nan,nan,nan
1398489683,349.8731893,378.7304,347.6397173,339.4030766,nan,nan,nan,nan
1398489684,362.8060196,378.7304,357.1972394,349.787692,nan,nan,nan,nan
1398489685,401.9305479,402.7304,369.9406021,372.2876921,nan,nan,nan,nan
1398489688,401.9305479,402.7304,363.5689207,368.8261537,nan,nan,nan,nan
1398489689,341.7222459,378.7304,341.268036,330.7492304,nan,nan,nan,nan
1398489692,348.2430007,378.7304,357.1972394,344.5953843,nan,nan,nan,nan
1398489693,370.956963,378.7304,363.5689207,356.710769,nan,nan,nan,nan
1398489694,388.8890385,390.7304,366.7547614,365.3646152,nan,nan,nan,nan
1398489695,398.6701706,402.7304,373.1264428,375.7492306,nan,nan,nan,nan
1398489698,377.4777177,378.7304,357.1972394,351.5184613,nan,nan,nan,nan
1398489699,369.3267743,378.7304,350.825558,342.8646151,nan,nan,nan,nan
1398489700,362.8060196,378.7304,344.4538767,346.3261536,nan,nan,nan,nan
1398489701,366.0663969,366.7304,347.6397173,348.0569228,nan,nan,nan,nan
1398489702,379.1079064,402.7304,363.5689207,360.1723075,nan,nan,nan,nan
1398489704,385.6286611,402.7304,369.9406021,367.0953844,nan,nan,nan,nan
1398489705,392.1494158,402.7304,366.7547614,368.8261537,nan,nan,nan,nan
1398489707,395.4097932,390.7304,366.7547614,363.6338459,nan,nan,nan,nan
1398489708,382.3682837,390.7304,357.1972394,354.9799998,nan,nan,nan,nan
1398489709,359.6543214,366.7304,350.825558,346.3261536,nan,nan,nan,nan
1398489711,356.3939441,390.7304,354.0113987,348.0569228,nan,nan,nan,nan
1398489712,367.6965856,390.7304,360.3830801,351.5184613,nan,nan,nan,nan
1398489713,379.1079064,390.7304,366.7547614,358.4415382,nan,nan,nan,nan
1398489714,388.8890385,390.7304,366.7547614,367.0953844,nan,nan,nan,nan
1398489715,398.6701706,402.7304,369.9406021,372.2876921,nan,nan,nan,nan
1398489718,372.5871516,378.7304,354.0113987,351.5184613,nan,nan,nan,nan
1398489719,357.9154535,378.7304,350.825558,346.3261536,nan,nan,nan,nan
1398489720,356.3939441,378.7304,354.0113987,346.3261536,nan,nan,nan,nan
1398489721,366.0663969,378.7304,357.1972394,351.5184613,nan,nan,nan,nan
1398489723,380.7380951,378.7304,369.9406021,360.1723075,nan,nan,nan,nan
1398489724,380.7380951,390.7304,366.7547614,365.3646152,nan,nan,nan,nan
1398489725,385.6286611,402.7304,366.7547614,363.6338459,nan,nan,nan,nan
1398489727,385.6286611,390.7304,357.1972394,358.4415382,nan,nan,nan,nan
1398489728,374.2173403,402.7304,357.1972394,354.9799998,nan,nan,nan,nan
1398489729,359.5456422,402.7304,347.6397173,353.2492305,nan,nan,nan,nan
1398489731,375.847529,378.7304,366.7547614,358.4415382,nan,nan,nan,nan
1398489732,401.9305479,402.7304,366.7547614,368.8261537,nan,nan,nan,nan
1398489733,410.0814913,402.7304,369.9406021,374.0184614,nan,nan,nan,nan
1398489734,393.7796045,378.7304,363.5689207,368.8261537,nan,nan,nan,nan
1398489735,361.1758309,378.7304,350.825558,346.3261536,nan,nan,nan,nan
1398489738,370.956963,390.7304,363.5689207,354.9799998,nan,nan,nan,nan
1398489739,385.6286611,390.7304,369.9406021,368.8261537,nan,nan,nan,nan
1398489740,397.0399819,402.7304,363.5689207,370.5569229,nan,nan,nan,nan
1398489741,395.4097932,390.7304,373.1264428,367.0953844,nan,nan,nan,nan
1398489743,380.7380951,390.7304,363.5689207,354.9799998,nan,nan,nan,nan
1398489744,366.0663969,390.7304,357.1972394,349.787692,nan,nan,nan,nan
1398489745,366.0663969,402.7304,363.5689207,353.2492305,nan,nan,nan,nan
1398489747,397.0399819,390.7304,366.7547614,365.3646152,nan,nan,nan,nan
1398489748,395.4097932,390.7304,363.5689207,365.3646152,nan,nan,nan,nan
1398489750,377.4777177,390.7304,357.1972394,356.710769,nan,nan,nan,nan
1398489753,372.5871516,378.7304,360.3830801,353.2492305,nan,nan,nan,nan
1398489754,374.2173403,378.7304,360.3830801,354.9799997,nan,nan,nan,nan
1398489755,379.1079064,402.7304,363.5689207,360.1723075,nan,nan,nan,nan
1398489757,388.8890385,390.7304,366.7547614,361.9030767,nan,nan,nan,nan
1398489758,387.2588498,402.7304,363.5689207,356.710769,nan,nan,nan,nan
1398489760,374.2173403,402.7304,357.1972394,353.2492305,nan,nan,nan,nan
1398489761,379.1079064,378.7304,354.0113987,356.710769,nan,nan,nan,nan
1398489762,377.4777177,378.7304,357.1972394,356.710769,nan,nan,nan,nan
1398489763,380.7380951,378.7304,366.7547614,360.1723075,nan,nan,nan,nan
1398489765,388.8890385,402.7304,363.5689207,360.1723075,nan,nan,nan,nan
1398489768,379.1079064,378.7304,354.0113987,354.9799997,nan,nan,nan,nan
1398489769,359.5456422,378.7304,354.0113987,351.5184613,nan,nan,nan,nan
1398489770,353.1335667,390.7304,354.0113987,348.0569228,nan,nan,nan,nan
1398489771,358.0241328,378.7304,360.3830801,349.787692,nan,nan,nan,nan
1398489772,398.6701706,390.7304,369.9406021,370.5569229,nan,nan,nan,nan
1398489774,413.3418687,414.7304,369.9406021,377.4799999,nan,nan,nan,nan
1398489775,395.4097932,390.7304,363.5689207,368.8261537,nan,nan,nan,nan
1398489777,357.9154535,366.7304,344.4538767,342.8646151,nan,nan,nan,nan
1398489778,346.612812,366.7304,350.825558,341.1338458,nan,nan,nan,nan
1398489779,388.8890385,390.7304,376.3122835,365.3646152,nan,nan,nan,nan
1398489782,398.6701706,402.7304,369.9406021,368.8261537,nan,nan,nan,nan
1398489783,387.2588498,390.7304,360.3830801,365.3646152,nan,nan,nan,nan
1398489784,370.956963,390.7304,357.1972394,358.4415382,nan,nan,nan,nan
1398489785,364.4362082,378.7304,350.825558,348.0569228,nan,nan,nan,nan
1398489787,370.956963,378.7304,350.825558,348.0569228,nan,nan,nan,nan
1398489789,393.7796045,390.7304,369.9406021,370.5569229,nan,nan,nan,nan
1398489790,398.6701706,402.7304,366.7547614,365.3646152,nan,nan,nan,nan
1398489791,390.5192271,402.7304,363.5689207,356.710769,nan,nan,nan,nan
1398489792,370.956963,390.7304,357.1972394,354.9799998,nan,nan,nan,nan
1398489794,370.956963,390.7304,360.3830801,351.5184613,nan,nan,nan,nan
1398489796,374.2173403,378.7304,354.0113987,353.2492305,nan,nan,nan,nan
1398489797,372.5871516,390.7304,357.1972394,354.9799998,nan,nan,nan,nan
1398489798,383.9984724,390.7304,366.7547614,363.6338459,nan,nan,nan,nan
1398489799,395.4097932,402.7304,376.3122835,368.8261537,nan,nan,nan,nan
1398489800,395.4097932,402.7304,363.5689207,363.6338459,nan,nan,nan,nan
1398489802,348.2430007,378.7304,350.825558,348.0569228,nan,nan,nan,nan
1398489803,344.9826233,366.7304,350.825558,346.3261536,nan,nan,nan,nan
1398489804,356.3939441,366.7304,354.0113987,344.5953843,nan,nan,nan,nan
1398489805,377.4777177,390.7304,357.1972394,354.9799997,nan,nan,nan,nan
1398489807,393.7796045,402.7304,373.1264428,372.2876921,nan,nan,nan,nan
1398489809,388.8890385,390.7304,363.5689207,363.6338459,nan,nan,nan,nan
1398489811,383.9984724,378.7304,350.825558,356.710769,nan,nan,nan,nan
1398489812,364.4362082,390.7304,354.0113987,353.2492305,nan,nan,nan,nan
1398489813,362.8060196,378.7304,354.0113987,351.5184613,nan,nan,nan,nan
1398489815,362.8060196,402.7304,357.1972394,351.5184613,nan,nan,nan,nan
1398489817,377.4777177,402.7304,369.9406021,363.6338459,nan,nan,nan,nan
1398489818,393.7796045,390.7304,369.9406021,368.8261537,nan,nan,nan,nan
1398489819,408.4513026,402.7304,373.1264428,370.5569229,nan,nan,nan,nan
1398489820,397.0399819,390.7304,366.7547614,363.6338459,nan,nan,nan,nan
1398489822,366.0663969,366.7304,350.825558,351.5184613,nan,nan,nan,nan
1398489823,351.503378,354.7304,347.6397173,346.3261536,nan,nan,nan,nan
1398489824,357.9154535,390.7304,357.1972394,344.5953843,nan,nan,nan,nan
1398489825,375.847529,390.7304,363.5689207,358.4415382,nan,nan,nan,nan
1398489826,390.5192271,402.7304,369.9406021,372.2876921,nan,nan,nan,nan
1398489827,390.5192271,402.7304,366.7547614,372.2876921,nan,nan,nan,nan
1398489830,366.0663969,378.7304,354.0113987,351.5184613,nan,nan,nan,nan
1398489831,357.9154535,366.7304,350.825558,348.0569228,nan,nan,nan,nan
1398489832,366.0663969,390.7304,354.0113987,348.0569228,nan,nan,nan,nan
1398489833,374.2173403,390.7304,360.3830801,356.710769,nan,nan,nan,nan
1398489835,397.0399819,390.7304,369.9406021,368.8261537,nan,nan,nan,nan
1398489837,390.5192271,378.7304,369.9406021,367.0953844,nan,nan,nan,nan
1398489838,379.1079064,390.7304,360.3830801,361.9030767,nan,nan,nan,nan
1398489839,377.4777177,378.7304,357.1972394,349.787692,nan,nan,nan,nan
1398489840,374.2173403,402.7304,357.1972394,351.5184613,nan,nan,nan,nan
1398489842,380.7380951,402.7304,354.0113987,358.4415382,nan,nan,nan,nan
1398489844,379.1079064,390.7304,366.7547614,361.9030767,nan,nan,nan,nan
1398489845,377.4777177,402.7304,366.7547614,360.1723075,nan,nan,nan,nan
1398489846,367.6965856,390.7304,360.3830801,354.9799998,nan,nan,nan,nan
1398489847,372.5871516,402.7304,363.5689207,354.9799998,nan,nan,nan,nan
1398489850,398.6701706,402.7304,369.9406021,374.0184614,nan,nan,nan,nan
1398489852,369.3267743,378.7304,350.825558,346.3261536,nan,nan,nan,nan
1398489853,359.5456422,378.7304,350.825558,341.1338458,nan,nan,nan,nan
1398489854,349.8731893,378.7304,354.0113987,339.4030766,nan,nan,nan,nan
1398489855,351.503378,378.7304,360.3830801,349.787692,nan,nan,nan,nan
1398489857,387.2588498,402.7304,366.7547614,365.3646152,nan,nan,nan,nan
1398489858,400.3003592,390.7304,369.9406021,368.8261537,nan,nan,nan,nan
1398489860,388.8890385,390.7304,363.5689207,367.0953844,nan,nan,nan,nan
1398489861,387.2588498,390.7304,363.5689207,361.9030767,nan,nan,nan,nan
1398489862,382.3682837,366.7304,354.0113987,354.9799997,nan,nan,nan,nan
1398489863,370.956963,366.7304,354.0113987,346.3261536,nan,nan,nan,nan
1398489865,358.0241328,390.7304,360.3830801,354.9799998,nan,nan,nan,nan
1398489866,361.1758309,402.7304,363.5689207,354.9799998,nan,nan,nan,nan
1398489867,382.3682837,390.7304,360.3830801,354.9799997,nan,nan,nan,nan
1398489868,397.0399819,390.7304,363.5689207,363.6338459,nan,nan,nan,nan
1398489869,392.1494158,390.7304,363.5689207,368.8261537,nan,nan,nan,nan
1398489873,361.1758309,378.7304,350.825558,342.8646151,nan,nan,nan,nan
1398489874,359.5456422,378.7304,357.1972394,353.2492305,nan,nan,nan,nan
1398489875,374.2173403,378.7304,363.5689207,361.9030767,nan,nan,nan,nan
1398489876,393.7796045,390.7304,373.1264428,367.0953844,nan,nan,nan,nan
1398489877,397.0399819,402.7304,369.9406021,367.0953844,nan,nan,nan,nan
1398489879,375.847529,390.7304,360.3830801,360.1723075,nan,nan,nan,nan
1398489881,366.0663969,390.7304,354.0113987,348.0569228,nan,nan,nan,nan
1398489882,372.5871516,390.7304,354.0113987,348.0569228,nan,nan,nan,nan
1398489883,372.5871516,390.7304,357.1972394,351.5184613,nan,nan,nan,nan
1398489884,379.1079064,390.7304,366.7547614,361.9030767,nan,nan,nan,nan
1398489886,393.7796045,414.7304,366.7547614,370.5569229,nan,nan,nan,nan
1398489887,392.1494158,402.7304,366.7547614,360.1723075,nan,nan,nan,nan
1398489888,379.1079064,390.7304,360.3830801,354.9799998,nan,nan,nan,nan
1398489889,362.8060196,366.7304,354.0113987,346.3261536,nan,nan,nan,nan
1398489890,359.6543214,366.7304,354.0113987,346.3261536,nan,nan,nan,nan
1398489893,401.9305479,414.7304,373.1264428,374.0184614,nan,nan,nan,nan
1398489894,397.0399819,402.7304,363.5689207,370.5569229,nan,nan,nan,nan
1398489895,382.3682837,390.7304,360.3830801,358.4415382,nan,nan,nan,nan
1398489896,366.0663969,354.7304,347.6397173,351.5184613,nan,nan,nan,nan
1398489898,353.1335667,378.7304,350.825558,344.5953843,nan,nan,nan,nan
1398489899,353.1335667,366.7304,357.1972394,349.787692,nan,nan,nan,nan
1398489900,385.6286611,390.7304,363.5689207,361.9030767,nan,nan,nan,nan
1398489902,414.9720574,414.7304,366.7547614,377.4799999,nan,nan,nan,nan
1398489903,410.0814913,414.7304,373.1264428,377.4799999,nan,nan,nan,nan
1398489904,374.2173403,366.7304,357.1972394,356.710769,nan,nan,nan,nan
1398489906,343.3524346,378.7304,354.0113987,335.9415381,nan,nan,nan,nan
1398489907,348.2430007,366.7304,354.0113987,339.4030766,nan,nan,nan,nan
1398489908,366.0663969,390.7304,360.3830801,353.2492305,nan,nan,nan,nan
1398489909,380.7380951,390.7304,366.7547614,360.1723075,nan,nan,nan,nan
1398489910,400.3003592,402.7304,373.1264428,372.2876921,nan,nan,nan,nan
1398489913,388.8890385,378.7304,363.5689207,361.9030767,nan,nan,nan,nan
1398489914,372.5871516,378.7304,354.0113987,349.787692,nan,nan,nan,nan
1398489915,359.5456422,378.7304,344.4538767,342.8646151,nan,nan,nan,nan
1398489916,353.1335667,366.7304,350.825558,346.3261536,nan,nan,nan,nan
1398489918,364.4362082,390.7304,360.3830801,353.2492305,nan,nan,nan,nan
1398489919,395.4097932,390.7304,366.7547614,363.6338459,nan,nan,nan,nan
1398489920,388.8890385,402.7304,373.1264428,367.0953844,nan,nan,nan,nan
1398489922,382.3682837,390.7304,360.3830801,360.1723075,nan,nan,nan,nan
1398489923,377.4777177,402.7304,363.5689207,354.9799998,nan,nan,nan,nan
1398489924,380.7380951,378.7304,357.1972394,354.9799997,nan,nan,nan,nan
1398489927,379.1079064,402.7304,360.3830801,361.9030767,nan,nan,nan,nan
1398489928,382.3682837,390.7304,366.7547614,358.4415382,nan,nan,nan,nan
1398489929,383.9984724,390.7304,360.3830801,354.9799998,nan,nan,nan,nan
1398489930,370.956963,378.7304,360.3830801,353.2492305,nan,nan,nan,nan
1398489933,377.4777177,366.7304,366.7547614,358.4415382,nan,nan,nan,nan
1398489934,398.6701706,390.7304,360.3830801,360.1723075,nan,nan,nan,nan
1398489935,392.1494158,390.7304,360.3830801,363.6338459,nan,nan,nan,nan
1398489936,375.847529,390.7304,363.5689207,363.6338459,nan,nan,nan,nan
1398489937,366.0663969,378.7304,357.1972394,353.2492305,nan,nan,nan,nan
1398489939,375.847529,390.7304,360.3830801,356.710769,nan,nan,nan,nan
1398489941,383.9984724,402.7304,360.3830801,361.9030767,nan,nan,nan,nan
1398489942,388.8890385,402.7304,363.5689207,361.9030767,nan,nan,nan,nan
1398489943,388.8890385,378.7304,360.3830801,358.4415382,nan,nan,nan,nan
1398489944,367.6965856,378.7304,354.0113987,353.2492305,nan,nan,nan,nan
1398489947,366.0663969,390.7304,357.1972394,349.787692,nan,nan,nan,nan
1398489948,382.3682837,402.7304,366.7547614,354.9799998,nan,nan,nan,nan
1398489949,383.9984724,402.7304,366.7547614,361.9030767,nan,nan,nan,nan
1398489950,388.8890385,390.7304,366.7547614,370.5569229,nan,nan,nan,nan
1398489951,388.8890385,378.7304,363.5689207,360.1723075,nan,nan,nan,nan
1398489953,382.3682837,402.7304,357.1972394,356.710769,nan,nan,nan,nan
1398489955,382.3682837,366.7304,360.3830801,358.4415382,nan,nan,nan,nan
1398489956,372.5871516,378.7304,354.0113987,354.9799998,nan,nan,nan,nan
1398489957,366.0663969,378.7304,357.1972394,351.5184613,nan,nan,nan,nan
1398489958,367.6965856,378.7304,357.1972394,353.2492305,nan,nan,nan,nan
1398489960,390.5192271,402.7304,369.9406021,372.2876921,nan,nan,nan,nan
1398489962,397.0399819,402.7304,366.7547614,363.6338459,nan,nan,nan,nan
1398489963,374.2173403,390.7304,354.0113987,351.5184613,nan,nan,nan,nan
1398489964,361.1758309,378.7304,357.1972394,349.787692,nan,nan,nan,nan
1398489965,361.1758309,378.7304,350.825558,351.5184613,nan,nan,nan,nan
1398489967,374.2173403,390.7304,357.1972394,354.9799998,nan,nan,nan,nan
1398489968,383.9984724,390.7304,366.7547614,361.9030767,nan,nan,nan,nan
1398489969,393.7796045,390.7304,366.7547614,370.5569229,nan,nan,nan,nan
1398489970,393.7796045,390.7304,369.9406021,365.3646152,nan,nan,nan,nan
1398489971,390.5192271,378.7304,360.3830801,358.4415382,nan,nan,nan,nan
1398489974,366.0663969,378.7304,360.3830801,353.2492305,nan,nan,nan,nan
1398489976,369.3267743,378.7304,357.1972394,351.5184613,nan,nan,nan,nan
1398489977,370.956963,390.7304,357.1972394,348.0569228,nan,nan,nan,nan
1398489978,366.0663969,390.7304,366.7547614,353.2492305,nan,nan,nan,nan
1398489979,370.956963,390.7304,366.7547614,365.3646152,nan,nan,nan,nan
1398489980,398.6701706,402.7304,373.1264428,372.2876921,nan,nan,nan,nan
1398489982,385.6286611,378.7304,357.1972394,354.9799998,nan,nan,nan,nan
1398489984,356.3939441,378.7304,350.825558,344.5953843,nan,nan,nan,nan
1398489985,356.3939441,366.7304,350.825558,344.5953843,nan,nan,nan,nan
1398489986,362.8060196,378.7304,357.1972394,344.5953843,nan,nan,nan,nan
1398489987,379.1079064,402.7304,363.5689207,356.710769,nan,nan,nan,nan
1398489989,387.2588498,390.7304,366.7547614,370.5569229,nan,nan,nan,nan
1398489991,393.7796045,402.7304,366.7547614,365.3646152,nan,nan,nan,nan
1398489992,390.5192271,390.7304,366.7547614,360.1723075,nan,nan,nan,nan
1398489993,383.9984724,378.7304,354.0113987,360.1723075,nan,nan,nan,nan
1398489995,375.847529,378.7304,354.0113987,353.2492305,nan,nan,nan,nan
1398489997,362.8060196,378.7304,354.0113987,348.0569228,nan,nan,nan,nan
1398489998,361.1758309,378.7304,357.1972394,351.5184613,nan,nan,nan,nan
1398489999,366.0663969,366.7304,360.3830801,354.9799998,nan,nan,nan,nan
1398490000,388.8890385,402.7304,369.9406021,367.0953844,nan,nan,nan,nan
1398490001,408.4513026,390.7304,366.7547614,368.8261537,nan,nan,nan,nan
1398490004,369.3267743,378.7304,350.825558,353.2492305,nan,nan,nan,nan
1398490005,359.5456422,378.7304,350.825558,348.0569228,nan,nan,nan,nan
1398490006,367.6965856,366.7304,357.1972394,351.5184613,nan,nan,nan,nan
1398490007,385.6286611,402.7304,363.5689207,360.1723075,nan,nan,nan,nan
1398490009,385.6286611,378.7304,363.5689207,365.3646152,nan,nan,nan,nan
1398490011,377.4777177,390.7304,363.5689207,358.4415382,nan,nan,nan,nan
1398490012,372.5871516,378.7304,354.0113987,354.9799997,nan,nan,nan,nan
1398490013,370.956963,378.7304,350.825558,351.5184613,nan,nan,nan,nan
1398490014,370.956963,378.7304,354.0113987,353.2492305,nan,nan,nan,nan
1398490016,383.9984724,390.7304,363.5689207,360.1723075,nan,nan,nan,nan
1398490017,401.9305479,366.7304,366.7547614,375.7492306,nan,nan,nan,nan
1398490018,397.0399819,390.7304,366.7547614,368.8261537,nan,nan,nan,nan
1398490019,385.6286611,390.7304,357.1972394,361.9030767,nan,nan,nan,nan
1398490020,364.4362082,366.7304,354.0113987,348.0569228,nan,nan,nan,nan
1398490022,348.2430007,378.7304,354.0113987,342.8646151,nan,nan,nan,nan
1398490025,401.9305479,402.7304,373.1264428,379.2107691,nan,nan,nan,nan
1398490026,406.821114,414.7304,369.9406021,379.2107691,nan,nan,nan,nan
1398490027,405.1909253,402.7304,373.1264428,380.9415383,nan,nan,nan,nan
1398490028,388.8890385,402.7304,360.3830801,365.3646152,nan,nan,nan,nan
1398490029,353.1335667,366.7304,347.6397173,334.2107689,nan,nan,nan,nan
1398490031,341.7222459,366.7304,347.6397173,335.9415381,nan,nan,nan,nan
1398490032,356.3939441,366.7304,354.0113987,353.2492305,nan,nan,nan,nan
1398490033,398.6701706,402.7304,376.3122835,375.7492306,nan,nan,nan,nan
1398490034,416.6022461,414.7304,376.3122835,379.2107691,nan,nan,nan,nan
1398490036,390.5192271,390.7304,369.9406021,370.5569229,nan,nan,nan,nan
1398490038,366.0663969,366.7304,354.0113987,351.5184613,nan,nan,nan,nan
1398490039,359.5456422,366.7304,350.825558,342.8646151,nan,nan,nan,nan
1398490040,354.7637554,354.7304,347.6397173,337.6723074,nan,nan,nan,nan
1398490041,356.3939441,366.7304,350.825558,341.1338458,nan,nan,nan,nan
1398490042,385.6286611,378.7304,369.9406021,368.8261537,nan,nan,nan,nan
1398490045,411.71168,414.7304,373.1264428,377.4799999,nan,nan,nan,nan
1398490046,390.5192271,402.7304,363.5689207,365.3646152,nan,nan,nan,nan
1398490047,353.1335667,354.7304,354.0113987,346.3261536,nan,nan,nan,nan
1398490048,348.2430007,378.7304,350.825558,341.1338458,nan,nan,nan,nan
1398490050,366.0663969,390.7304,357.1972394,348.0569228,nan,nan,nan,nan
1398490053,398.6701706,390.7304,366.7547614,368.8261537,nan,nan,nan,nan
1398490055,377.4777177,378.7304,357.1972394,363.6338459,nan,nan,nan,nan
1398490056,374.2173403,378.7304,357.1972394,356.710769,nan,nan,nan,nan
1398490057,369.3267743,378.7304,357.1972394,353.2492305,nan,nan,nan,nan
1398490058,377.4777177,390.7304,360.3830801,354.9799998,nan,nan,nan,nan
1398490060,392.1494158,402.7304,363.5689207,363.6338459,nan,nan,nan,nan
1398490061,390.5192271,414.7304,360.3830801,361.9030767,nan,nan,nan,nan
1398490062,377.4777177,390.7304,360.3830801,358.4415382,nan,nan,nan,nan
1398490063,361.1758309,378.7304,357.1972394,353.2492305,nan,nan,nan,nan
1398490065,367.6965856,390.7304,357.1972394,353.2492305,nan,nan,nan,nan
1398490067,393.7796045,402.7304,369.9406021,365.3646152,nan,nan,nan,nan
1398490068,393.7796045,402.7304,363.5689207,365.3646152,nan,nan,nan,nan
1398490069,385.6286611,366.7304,363.5689207,363.6338459,nan,nan,nan,nan
1398490070,382.3682837,378.7304,360.3830801,358.4415382,nan,nan,nan,nan
1398490072,380.7380951,402.7304,357.1972394,354.9799998,nan,nan,nan,nan
1398490073,370.956963,390.7304,360.3830801,354.9799997,nan,nan,nan,nan
1398490075,356.3939441,378.7304,354.0113987,346.3261536,nan,nan,nan,nan
1398490076,356.3939441,378.7304,357.1972394,348.0569228,nan,nan,nan,nan
1398490077,382.3682837,378.7304,360.3830801,360.1723075,nan,nan,nan,nan
1398490079,408.4513026,402.7304,369.9406021,375.7492306,nan,nan,nan,nan
1398490081,400.3003592,378.7304,373.1264428,374.0184614,nan,nan,nan,nan
1398490144,376.6965856,387.7304,353.4538767,353.5953843,nan,nan,nan,nan
1398490145,347.4618686,375.7304,356.6397173,341.4799996,nan,nan,nan,nan
1398490146,347.4618686,387.7304,356.6397173,343.2107689,nan,nan,nan,nan
1398490147,363.7637554,375.7304,369.3830801,355.3261536,nan,nan,nan,nan
1398490148,389.7380951,411.7304,369.3830801,369.1723075,nan,nan,nan,nan
1398490149,410.9305479,423.7304,378.9406021,381.2876921,nan,nan,nan,nan
1398490151,412.5607366,399.7304,378.9406021,388.2107691,nan,nan,nan,nan
1398490152,397.8890385,411.7304,372.5689207,369.1723075,nan,nan,nan,nan
1398490153,381.5871516,375.7304,366.1972394,357.0569228,nan,nan,nan,nan
1398490154,371.8060196,399.7304,359.825558,348.4030766,nan,nan,nan,nan
1398490156,386.4777177,375.7304,366.1972394,367.4415382,nan,nan,nan,nan
1398490158,389.7380951,387.7304,372.5689207,370.9030767,nan,nan,nan,nan
1398490159,391.3682837,399.7304,375.7547614,372.6338459,nan,nan,nan,nan
1398490160,392.9984724,411.7304,375.7547614,374.3646152,nan,nan,nan,nan
1398490161,404.4097932,399.7304,372.5689207,370.9030767,nan,nan,nan,nan
1398490163,401.1494158,399.7304,369.3830801,367.4415382,nan,nan,nan,nan
1398490165,367.0241328,399.7304,356.6397173,355.3261536,nan,nan,nan,nan
1398490166,368.5456422,387.7304,369.3830801,357.0569228,nan,nan,nan,nan
1398490167,381.5871516,387.7304,372.5689207,360.5184613,nan,nan,nan,nan
1398490168,389.7380951,399.7304,375.7547614,372.6338459,nan,nan,nan,nan
1398490170,397.8890385,399.7304,378.9406021,379.5569229,nan,nan,nan,nan
1398490172,404.4097932,411.7304,372.5689207,372.6338459,nan,nan,nan,nan
1398490173,399.5192271,411.7304,369.3830801,369.1723075,nan,nan,nan,nan
1398490174,389.7380951,387.7304,363.0113987,360.5184613,nan,nan,nan,nan
1398490175,366.9154535,375.7304,363.0113987,357.0569228,nan,nan,nan,nan
1398490179,394.6286611,399.7304,375.7547614,376.0953844,nan,nan,nan,nan
1398490181,406.0399819,411.7304,378.9406021,377.8261537,nan,nan,nan,nan
1398490182,401.1494158,399.7304,375.7547614,369.1723075,nan,nan,nan,nan
1398490183,392.9984724,399.7304,366.1972394,365.710769,nan,nan,nan,nan
1398490184,379.956963,399.7304,359.825558,360.5184613,nan,nan,nan,nan
1398490185,373.4362082,387.7304,363.0113987,358.787692,nan,nan,nan,nan
1398490188,383.2173403,399.7304,366.1972394,363.9799997,nan,nan,nan,nan
1398490189,391.3682837,387.7304,375.7547614,372.6338459,nan,nan,nan,nan
1398490190,399.5192271,399.7304,375.7547614,374.3646152,nan,nan,nan,nan
1398490191,402.7796045,399.7304,375.7547614,374.3646152,nan,nan,nan,nan
1398490192,392.9984724,411.7304,369.3830801,370.9030767,nan,nan,nan,nan
1398490194,386.4777177,387.7304,363.0113987,363.9799997,nan,nan,nan,nan
1398490195,376.6965856,387.7304,363.0113987,360.5184613,nan,nan,nan,nan
1398490196,370.1758309,387.7304,363.0113987,360.5184613,nan,nan,nan,nan
1398490197,376.6965856,399.7304,366.1972394,367.4415382,nan,nan,nan,nan
1398490199,391.3682837,411.7304,375.7547614,370.9030767,nan,nan,nan,nan
1398490201,394.6286611,411.7304,369.3830801,370.9030767,nan,nan,nan,nan
1398490202,392.9984724,399.7304,366.1972394,365.710769,nan,nan,nan,nan
1398490203,391.3682837,387.7304,369.3830801,367.4415382,nan,nan,nan,nan
1398490204,394.6286611,387.7304,369.3830801,367.4415382,nan,nan,nan,nan
1398490205,389.7380951,399.7304,366.1972394,367.4415382,nan,nan,nan,nan
1398490208,381.5871516,411.7304,372.5689207,367.4415382,nan,nan,nan,nan
1398490209,384.847529,363.7304,369.3830801,365.710769,nan,nan,nan,nan
1398490210,384.847529,399.7304,363.0113987,362.2492305,nan,nan,nan,nan
1398490211,379.956963,375.7304,363.0113987,362.2492305,nan,nan,nan,nan
1398490212,388.1079064,399.7304,369.3830801,369.1723075,nan,nan,nan,nan
1398490214,409.3003592,411.7304,375.7547614,374.3646152,nan,nan,nan,nan
1398490215,410.9305479,399.7304,372.5689207,376.0953844,nan,nan,nan,nan
1398490217,391.3682837,375.7304,369.3830801,369.1723075,nan,nan,nan,nan
1398490218,368.5456422,387.7304,366.1972394,358.787692,nan,nan,nan,nan
1398490220,365.3939441,399.7304,366.1972394,357.0569228,nan,nan,nan,nan
1398490222,404.4097932,411.7304,375.7547614,377.8261537,nan,nan,nan,nan
1398490223,409.3003592,411.7304,378.9406021,379.5569229,nan,nan,nan,nan
1398490224,410.9305479,399.7304,378.9406021,383.0184614,nan,nan,nan,nan
1398490225,406.0399819,375.7304,372.5689207,381.2876921,nan,nan,nan,nan
1398490227,378.3267743,399.7304,359.825558,357.0569228,nan,nan,nan,nan
1398490229,365.3939441,375.7304,359.825558,357.0569228,nan,nan,nan,nan
1398490230,363.7637554,387.7304,363.0113987,357.0569228,nan,nan,nan,nan
1398490231,370.1758309,387.7304,369.3830801,360.5184613,nan,nan,nan,nan
1398490232,386.4777177,411.7304,372.5689207,367.4415382,nan,nan,nan,nan
1398490234,401.1494158,399.7304,378.9406021,379.5569229,nan,nan,nan,nan
1398490236,412.5607366,411.7304,375.7547614,381.2876921,nan,nan,nan,nan
1398490237,389.7380951,387.7304,359.825558,363.9799997,nan,nan,nan,nan
1398490238,379.956963,387.7304,363.0113987,360.5184613,nan,nan,nan,nan
1398490239,365.3939441,387.7304,359.825558,355.3261536,nan,nan,nan,nan
1398490240,358.8731893,375.7304,366.1972394,351.8646151,nan,nan,nan,nan
1398490242,391.3682837,387.7304,369.3830801,370.9030767,nan,nan,nan,nan
1398490243,396.2588498,411.7304,378.9406021,376.0953844,nan,nan,nan,nan
1398490244,406.0399819,411.7304,378.9406021,384.7492306,nan,nan,nan,nan
1398490245,406.0399819,411.7304,378.9406021,383.0184614,nan,nan,nan,nan
1398490246,392.9984724,399.7304,366.1972394,362.2492305,nan,nan,nan,nan
1398490249,358.8731893,363.7304,359.825558,351.8646151,nan,nan,nan,nan
1398490250,368.5456422,387.7304,363.0113987,357.0569228,nan,nan,nan,nan
1398490251,386.4777177,399.7304,372.5689207,369.1723075,nan,nan,nan,nan
1398490252,404.4097932,411.7304,378.9406021,379.5569229,nan,nan,nan,nan
1398490254,412.5607366,411.7304,382.1264428,383.0184614,nan,nan,nan,nan
1398490255,404.4097932,399.7304,369.3830801,372.6338459,nan,nan,nan,nan
1398490256,388.1079064,387.7304,359.825558,367.4415382,nan,nan,nan,nan
1398490258,358.8731893,363.7304,359.825558,350.1338458,nan,nan,nan,nan
1398490259,350.7222459,375.7304,353.4538767,344.9415381,nan,nan,nan,nan
1398490260,365.3939441,387.7304,366.1972394,351.8646151,nan,nan,nan,nan
1398490262,394.6286611,411.7304,382.1264428,383.0184614,nan,nan,nan,nan
1398490263,401.1494158,423.7304,382.1264428,383.0184614,nan,nan,nan,nan
1398490264,412.5607366,423.7304,382.1264428,384.7492306,nan,nan,nan,nan
1398490265,423.9720574,423.7304,382.1264428,384.7492306,nan,nan,nan,nan
1398490266,409.3003592,411.7304,366.1972394,374.3646152,nan,nan,nan,nan
1398490269,362.1335667,375.7304,359.825558,350.1338458,nan,nan,nan,nan
1398490270,362.1335667,375.7304,363.0113987,350.1338458,nan,nan,nan,nan
1398490271,371.8060196,387.7304,363.0113987,355.3261536,nan,nan,nan,nan
1398490272,378.3267743,387.7304,372.5689207,367.4415382,nan,nan,nan,nan
1398490274,396.2588498,411.7304,378.9406021,379.5569229,nan,nan,nan,nan
1398490276,406.0399819,411.7304,375.7547614,377.8261537,nan,nan,nan,nan
1398490277,402.7796045,411.7304,369.3830801,372.6338459,nan,nan,nan,nan
1398490278,378.3267743,399.7304,359.825558,360.5184613,nan,nan,nan,nan
1398490280,371.8060196,411.7304,363.0113987,353.5953843,nan,nan,nan,nan
1398490282,397.8890385,375.7304,375.7547614,372.6338459,nan,nan,nan,nan
1398490283,402.7796045,423.7304,375.7547614,377.8261537,nan,nan,nan,nan
1398490284,394.6286611,387.7304,366.1972394,365.710769,nan,nan,nan,nan
1398490285,386.4777177,399.7304,363.0113987,360.5184613,nan,nan,nan,nan
1398490286,378.3267743,399.7304,359.825558,353.5953843,nan,nan,nan,nan
1398490289,370.1758309,399.7304,369.3830801,362.2492305,nan,nan,nan,nan
1398490291,394.6286611,411.7304,375.7547614,370.9030767,nan,nan,nan,nan
1398490292,399.5192271,399.7304,375.7547614,370.9030767,nan,nan,nan,nan
1398490293,396.2588498,387.7304,372.5689207,374.3646152,nan,nan,nan,nan
1398490294,389.7380951,387.7304,369.3830801,372.6338459,nan,nan,nan,nan
1398490295,383.2173403,399.7304,372.5689207,365.710769,nan,nan,nan,nan
1398490297,394.6286611,399.7304,363.0113987,365.710769,nan,nan,nan,nan
1398490298,401.1494158,399.7304,366.1972394,367.4415382,nan,nan,nan,nan
1398490299,391.3682837,387.7304,363.0113987,367.4415382,nan,nan,nan,nan
1398490300,379.956963,399.7304,369.3830801,367.4415382,nan,nan,nan,nan
1398490301,378.3267743,363.7304,369.3830801,365.710769,nan,nan,nan,nan
1398490303,383.2173403,387.7304,369.3830801,365.710769,nan,nan,nan,nan
1398490304,388.1079064,399.7304,366.1972394,365.710769,nan,nan,nan,nan
1398490305,386.4777177,399.7304,366.1972394,363.9799997,nan,nan,nan,nan
1398490306,381.5871516,399.7304,372.5689207,365.710769,nan,nan,nan,nan
1398490309,388.1079064,411.7304,369.3830801,365.710769,nan,nan,nan,nan
1398490311,392.9984724,411.7304,372.5689207,369.1723075,nan,nan,nan,nan
1398490312,401.1494158,399.7304,369.3830801,377.8261537,nan,nan,nan,nan
1398490313,402.7796045,411.7304,372.5689207,374.3646152,nan,nan,nan,nan
1398490314,397.8890385,387.7304,363.0113987,369.1723075,nan,nan,nan,nan
1398490315,378.3267743,387.7304,366.1972394,363.9799997,nan,nan,nan,nan
1398490317,378.3267743,375.7304,363.0113987,360.5184613,nan,nan,nan,nan
1398490319,376.6965856,399.7304,359.825558,360.5184613,nan,nan,nan,nan
1398490320,376.6965856,387.7304,366.1972394,367.4415382,nan,nan,nan,nan
1398490321,383.2173403,387.7304,369.3830801,372.6338459,nan,nan,nan,nan
1398490322,407.6701706,411.7304,382.1264428,376.0953844,nan,nan,nan,nan
1398490324,410.9305479,411.7304,369.3830801,370.9030767,nan,nan,nan,nan
1398490325,389.7380951,399.7304,366.1972394,363.9799997,nan,nan,nan,nan
1398490326,373.4362082,375.7304,359.825558,365.710769,nan,nan,nan,nan
1398490327,375.0663969,375.7304,363.0113987,362.2492305,nan,nan,nan,nan
1398490330,388.1079064,399.7304,372.5689207,367.4415382,nan,nan,nan,nan
1398490332,392.9984724,387.7304,372.5689207,372.6338459,nan,nan,nan,nan
1398490333,392.9984724,399.7304,369.3830801,370.9030767,nan,nan,nan,nan
1398490334,391.3682837,411.7304,369.3830801,370.9030767,nan,nan,nan,nan
1398490335,384.847529,387.7304,369.3830801,367.4415382,nan,nan,nan,nan
1398490336,388.1079064,387.7304,366.1972394,367.4415382,nan,nan,nan,nan
1398490338,383.2173403,387.7304,363.0113987,360.5184613,nan,nan,nan,nan
1398490341,373.4362082,387.7304,375.7547614,370.9030767,nan,nan,nan,nan
1398490342,386.4777177,399.7304,375.7547614,370.9030767,nan,nan,nan,nan
1398490343,397.8890385,387.7304,375.7547614,370.9030767,nan,nan,nan,nan
1398490344,399.5192271,399.7304,369.3830801,369.1723075,nan,nan,nan,nan
1398490346,397.8890385,399.7304,369.3830801,370.9030767,nan,nan,nan,nan
1398490347,388.1079064,387.7304,363.0113987,365.710769,nan,nan,nan,nan
1398490348,381.5871516,399.7304,359.825558,362.2492305,nan,nan,nan,nan
1398490349,363.7637554,387.7304,369.3830801,353.5953843,nan,nan,nan,nan
1398490351,373.4362082,387.7304,369.3830801,363.9799997,nan,nan,nan,nan
1398490353,396.2588498,411.7304,369.3830801,369.1723075,nan,nan,nan,nan
1398490354,397.8890385,399.7304,375.7547614,372.6338459,nan,nan,nan,nan
1398490355,394.6286611,399.7304,372.5689207,372.6338459,nan,nan,nan,nan
1398490356,396.2588498,387.7304,372.5689207,369.1723075,nan,nan,nan,nan
1398490357,391.3682837,375.7304,369.3830801,365.710769,nan,nan,nan,nan
1398490360,386.4777177,387.7304,366.1972394,365.710769,nan,nan,nan,nan
1398490361,383.2173403,375.7304,372.5689207,363.9799997,nan,nan,nan,nan
1398490362,381.5871516,399.7304,366.1972394,360.5184613,nan,nan,nan,nan
1398490363,379.956963,387.7304,369.3830801,360.5184613,nan,nan,nan,nan
1398490365,373.4362082,399.7304,366.1972394,360.5184613,nan,nan,nan,nan
1398490367,388.1079064,399.7304,375.7547614,370.9030767,nan,nan,nan,nan
1398490368,404.4097932,411.7304,375.7547614,374.3646152,nan,nan,nan,nan
1398490369,402.7796045,411.7304,372.5689207,374.3646152,nan,nan,nan,nan
1398490370,386.4777177,387.7304,366.1972394,365.710769,nan,nan,nan,nan
1398490371,371.8060196,375.7304,363.0113987,360.5184613,nan,nan,nan,nan
1398490373,378.3267743,399.7304,366.1972394,362.2492305,nan,nan,nan,nan
1398490374,386.4777177,399.7304,375.7547614,362.2492305,nan,nan,nan,nan
1398490375,389.7380951,399.7304,375.7547614,365.710769,nan,nan,nan,nan
1398490376,394.6286611,411.7304,375.7547614,372.6338459,nan,nan,nan,nan
1398490377,396.2588498,387.7304,369.3830801,372.6338459,nan,nan,nan,nan
1398490380,383.2173403,399.7304,363.0113987,362.2492305,nan,nan,nan,nan
1398490381,378.3267743,399.7304,366.1972394,360.5184613,nan,nan,nan,nan
1398490382,375.0663969,399.7304,369.3830801,360.5184613,nan,nan,nan,nan
1398490383,368.5456422,399.7304,363.0113987,357.0569228,nan,nan,nan,nan
1398490385,373.4362082,387.7304,369.3830801,360.5184613,nan,nan,nan,nan
1398490387,406.0399819,411.7304,385.3122835,379.5569229,nan,nan,nan,nan
1398490388,422.3418687,435.7304,382.1264428,388.2107691,nan,nan,nan,nan
1398490389,415.821114,423.7304,375.7547614,383.0184614,nan,nan,nan,nan
1398490390,386.4777177,387.7304,366.1972394,367.4415382,nan,nan,nan,nan
1398490392,355.612812,387.7304,353.4538767,344.9415381,nan,nan,nan,nan
1398490393,365.3939441,399.7304,363.0113987,351.8646151,nan,nan,nan,nan
1398490394,391.3682837,399.7304,378.9406021,372.6338459,nan,nan,nan,nan
1398490395,399.5192271,387.7304,378.9406021,381.2876921,nan,nan,nan,nan
1398490396,407.6701706,399.7304,382.1264428,384.7492306,nan,nan,nan,nan
1398490398,397.8890385,411.7304,372.5689207,376.0953844,nan,nan,nan,nan
1398490402,373.4362082,387.7304,366.1972394,355.3261536,nan,nan,nan,nan
1398490403,384.847529,399.7304,369.3830801,363.9799997,nan,nan,nan,nan
1398490404,396.2588498,399.7304,375.7547614,376.0953844,nan,nan,nan,nan
1398490405,401.1494158,387.7304,375.7547614,379.5569229,nan,nan,nan,nan
1398490406,394.6286611,411.7304,372.5689207,372.6338459,nan,nan,nan,nan
1398490408,376.6965856,411.7304,369.3830801,362.2492305,nan,nan,nan,nan
1398490410,371.8060196,375.7304,359.825558,358.787692,nan,nan,nan,nan
1398490411,378.3267743,387.7304,359.825558,358.787692,nan,nan,nan,nan
1398490412,389.7380951,387.7304,369.3830801,367.4415382,nan,nan,nan,nan
1398490413,394.6286611,399.7304,372.5689207,372.6338459,nan,nan,nan,nan
1398490415,379.956963,399.7304,372.5689207,367.4415382,nan,nan,nan,nan
1398490416,373.4362082,375.7304,372.5689207,365.710769,nan,nan,nan,nan
1398490417,384.847529,399.7304,366.1972394,365.710769,nan,nan,nan,nan
1398490418,392.9984724,399.7304,375.7547614,365.710769,nan,nan,nan,nan
1398490420,406.0399819,399.7304,372.5689207,376.0953844,nan,nan,nan,nan
1398490422,358.8731893,375.7304,356.6397173,348.4030766,nan,nan,nan,nan
1398490423,353.9826233,387.7304,356.6397173,346.6723074,nan,nan,nan,nan
1398490424,357.2430007,375.7304,366.1972394,351.8646151,nan,nan,nan,nan
1398490425,379.956963,399.7304,375.7547614,365.710769,nan,nan,nan,nan
1398490426,407.6701706,411.7304,378.9406021,379.5569229,nan,nan,nan,nan
1398490428,402.7796045,387.7304,372.5689207,376.0953844,nan,nan,nan,nan
1398490429,370.1758309,375.7304,359.825558,360.5184613,nan,nan,nan,nan
1398490430,365.3939441,375.7304,359.825558,358.787692,nan,nan,nan,nan
1398490431,362.1335667,399.7304,366.1972394,353.5953843,nan,nan,nan,nan
1398490433,384.847529,399.7304,375.7547614,363.9799997,nan,nan,nan,nan
1398490435,417.4513026,411.7304,382.1264428,386.4799999,nan,nan,nan,nan
1398490436,415.821114,399.7304,375.7547614,386.4799999,nan,nan,nan,nan
1398490437,394.6286611,387.7304,369.3830801,374.3646152,nan,nan,nan,nan
1398490438,376.6965856,399.7304,359.825558,357.0569228,nan,nan,nan,nan
1398490439,365.3939441,387.7304,363.0113987,350.1338458,nan,nan,nan,nan
1398490442,391.3682837,387.7304,372.5689207,369.1723075,nan,nan,nan,nan
1398490443,396.2588498,399.7304,375.7547614,377.8261537,nan,nan,nan,nan
1398490444,399.5192271,399.7304,375.7547614,379.5569229,nan,nan,nan,nan
1398490445,384.847529,399.7304,372.5689207,363.9799998,nan,nan,nan,nan
1398490446,365.3939441,387.7304,366.1972394,355.3261536,nan,nan,nan,nan
1398490448,378.3267743,387.7304,366.1972394,360.5184613,nan,nan,nan,nan
1398490449,394.6286611,399.7304,369.3830801,370.9030767,nan,nan,nan,nan
1398490450,407.6701706,411.7304,369.3830801,381.2876921,nan,nan,nan,nan
1398490451,407.6701706,399.7304,378.9406021,383.0184614,nan,nan,nan,nan
1398490453,391.3682837,411.7304,369.3830801,367.4415382,nan,nan,nan,nan
1398490455,357.2430007,375.7304,353.4538767,343.2107689,nan,nan,nan,nan
1398490456,352.3524346,363.7304,353.4538767,344.9415381,nan,nan,nan,nan
1398490457,350.7222459,375.7304,353.4538767,350.1338458,nan,nan,nan,nan
1398490458,370.1758309,399.7304,369.3830801,360.5184613,nan,nan,nan,nan
1398490460,425.6022461,423.7304,385.3122835,393.4030768,nan,nan,nan,nan
1398490463,381.5871516,399.7304,359.825558,360.5184613,nan,nan,nan,nan
1398490464,363.7637554,387.7304,359.825558,346.6723074,nan,nan,nan,nan
1398490465,360.503378,387.7304,359.825558,346.6723074,nan,nan,nan,nan
1398490466,365.3939441,387.7304,359.825558,348.4030766,nan,nan,nan,nan
1398490467,396.2588498,399.7304,372.5689207,376.0953844,nan,nan,nan,nan
1398490469,412.5607366,399.7304,378.9406021,381.2876921,nan,nan,nan,nan
1398490470,404.4097932,399.7304,375.7547614,376.0953844,nan,nan,nan,nan
1398490472,362.1335667,387.7304,359.825558,353.5953843,nan,nan,nan,nan
1398490473,365.3939441,375.7304,359.825558,353.5953843,nan,nan,nan,nan
1398490474,388.1079064,387.7304,372.5689207,365.710769,nan,nan,nan,nan
1398490477,399.5192271,411.7304,375.7547614,374.3646152,nan,nan,nan,nan
1398490478,394.6286611,399.7304,369.3830801,374.3646152,nan,nan,nan,nan
1398490479,386.4777177,375.7304,369.3830801,369.1723075,nan,nan,nan,nan
1398490480,376.6965856,387.7304,359.825558,358.787692,nan,nan,nan,nan
1398490481,376.6965856,399.7304,359.825558,355.3261536,nan,nan,nan,nan
1398490484,399.5192271,399.7304,375.7547614,370.9030767,nan,nan,nan,nan
1398490485,407.6701706,399.7304,378.9406021,379.5569229,nan,nan,nan,nan
1398490486,407.6701706,411.7304,375.7547614,377.8261537,nan,nan,nan,nan
1398490487,384.847529,387.7304,363.0113987,362.2492305,nan,nan,nan,nan
1398490489,360.503378,399.7304,359.825558,350.1338458,nan,nan,nan,nan
1398490491,370.1758309,387.7304,363.0113987,353.5953843,nan,nan,nan,nan
1398490492,388.1079064,387.7304,369.3830801,365.710769,nan,nan,nan,nan
1398490493,401.1494158,399.7304,372.5689207,374.3646152,nan,nan,nan,nan
1398490494,401.1494158,411.7304,372.5689207,372.6338459,nan,nan,nan,nan
1398490495,384.847529,387.7304,369.3830801,367.4415382,nan,nan,nan,nan
1398490497,371.8060196,387.7304,369.3830801,360.5184613,nan,nan,nan,nan
1398490498,371.8060196,387.7304,366.1972394,360.5184613,nan,nan,nan,nan
1398490499,381.5871516,399.7304,363.0113987,360.5184613,nan,nan,nan,nan
1398490500,388.1079064,399.7304,369.3830801,363.9799997,nan,nan,nan,nan
1398490501,399.5192271,399.7304,372.5689207,376.0953844,nan,nan,nan,nan
1398490504,371.8060196,399.7304,366.1972394,353.5953843,nan,nan,nan,nan
1398490505,371.8060196,387.7304,359.825558,353.5953843,nan,nan,nan,nan
1398490506,373.4362082,375.7304,366.1972394,355.3261536,nan,nan,nan,nan
1398490507,379.956963,399.7304,372.5689207,363.9799997,nan,nan,nan,nan
1398490509,397.8890385,387.7304,372.5689207,372.6338459,nan,nan,nan,nan
1398490511,397.8890385,399.7304,366.1972394,372.6338459,nan,nan,nan,nan
1398490512,394.6286611,399.7304,366.1972394,369.1723075,nan,nan,nan,nan
1398490513,384.847529,375.7304,366.1972394,365.710769,nan,nan,nan,nan
1398490514,376.6965856,399.7304,363.0113987,362.2492305,nan,nan,nan,nan
1398490515,370.1758309,375.7304,363.0113987,353.5953843,nan,nan,nan,nan
1398490517,384.847529,399.7304,369.3830801,365.710769,nan,nan,nan,nan
1398490519,412.5607366,411.7304,378.9406021,381.2876921,nan,nan,nan,nan
1398490520,415.821114,411.7304,378.9406021,381.2876921,nan,nan,nan,nan
1398490521,399.5192271,399.7304,366.1972394,372.6338459,nan,nan,nan,nan
1398490522,360.503378,363.7304,353.4538767,355.3261536,nan,nan,nan,nan
1398490525,371.8060196,387.7304,363.0113987,357.0569228,nan,nan,nan,nan
1398490526,392.9984724,399.7304,369.3830801,367.4415382,nan,nan,nan,nan
1398490527,406.0399819,411.7304,378.9406021,384.7492306,nan,nan,nan,nan
1398490528,402.7796045,399.7304,375.7547614,384.7492306,nan,nan,nan,nan
1398490530,389.7380951,387.7304,363.0113987,363.9799997,nan,nan,nan,nan
1398490532,365.2852648,375.7304,353.4538767,351.8646151,nan,nan,nan,nan
1398490533,363.7637554,375.7304,359.825558,355.3261536,nan,nan,nan,nan
1398490534,378.3267743,399.7304,369.3830801,369.1723075,nan,nan,nan,nan
1398490535,399.5192271,399.7304,378.9406021,376.0953844,nan,nan,nan,nan
1398490537,401.1494158,423.7304,369.3830801,369.1723075,nan,nan,nan,nan
1398490538,371.8060196,387.7304,359.825558,362.2492305,nan,nan,nan,nan
1398490539,379.956963,399.7304,366.1972394,362.2492305,nan,nan,nan,nan
1398490540,381.5871516,375.7304,366.1972394,365.710769,nan,nan,nan,nan
1398490541,391.3682837,399.7304,372.5689207,370.9030767,nan,nan,nan,nan
1398490543,384.847529,399.7304,366.1972394,365.710769,nan,nan,nan,nan
1398490546,386.4777177,399.7304,369.3830801,365.710769,nan,nan,nan,nan
1398490547,389.7380951,399.7304,369.3830801,363.9799998,nan,nan,nan,nan
1398490548,391.3682837,399.7304,369.3830801,367.4415382,nan,nan,nan,nan
1398490549,384.847529,399.7304,363.0113987,367.4415382,nan,nan,nan,nan
1398490550,386.4777177,399.7304,366.1972394,365.710769,nan,nan,nan,nan
1398490552,379.956963,387.7304,369.3830801,365.710769,nan,nan,nan,nan
1398490553,376.6965856,399.7304,369.3830801,363.9799997,nan,nan,nan,nan
1398490554,375.0663969,399.7304,372.5689207,363.9799997,nan,nan,nan,nan
1398490555,379.956963,399.7304,372.5689207,365.710769,nan,nan,nan,nan
1398490557,392.9984724,399.7304,366.1972394,363.9799997,nan,nan,nan,nan
1398490559,392.9984724,411.7304,366.1972394,369.1723075,nan,nan,nan,nan
1398490560,389.7380951,387.7304,369.3830801,369.1723075,nan,nan,nan,nan
1398490561,388.1079064,399.7304,369.3830801,370.9030767,nan,nan,nan,nan
1398490562,384.847529,387.7304,369.3830801,360.5184613,nan,nan,nan,nan
1398490564,370.1758309,387.7304,363.0113987,358.787692,nan,nan,nan,nan
1398490567,379.956963,399.7304,372.5689207,367.4415382,nan,nan,nan,nan
1398490568,396.2588498,411.7304,375.7547614,369.1723075,nan,nan,nan,nan
1398490569,406.0399819,399.7304,372.5689207,369.1723075,nan,nan,nan,nan
1398490570,397.8890385,399.7304,369.3830801,372.6338459,nan,nan,nan,nan
1398490571,381.5871516,375.7304,363.0113987,360.5184613,nan,nan,nan,nan
1398490573,358.8731893,363.7304,359.825558,353.5953843,nan,nan,nan,nan
1398490574,358.8731893,375.7304,369.3830801,353.5953843,nan,nan,nan,nan
1398490576,384.847529,387.7304,369.3830801,363.9799997,nan,nan,nan,nan
1398490577,401.1494158,399.7304,375.7547614,372.6338459,nan,nan,nan,nan
1398490579,402.7796045,411.7304,372.5689207,377.8261537,nan,nan,nan,nan
1398490581,384.847529,387.7304,363.0113987,358.787692,nan,nan,nan,nan
1398490582,362.1335667,387.7304,350.268036,344.9415381,nan,nan,nan,nan
1398490583,363.7637554,375.7304,356.6397173,350.1338458,nan,nan,nan,nan
1398490584,371.8060196,399.7304,366.1972394,357.0569228,nan,nan,nan,nan
1398490586,397.8890385,411.7304,375.7547614,372.6338459,nan,nan,nan,nan
1398490588,383.2173403,387.7304,372.5689207,367.4415382,nan,nan,nan,nan
1398490589,379.956963,387.7304,369.3830801,363.9799997,nan,nan,nan,nan
1398490590,391.3682837,411.7304,366.1972394,363.9799998,nan,nan,nan,nan
1398490591,394.6286611,411.7304,366.1972394,367.4415382,nan,nan,nan,nan
1398490592,386.4777177,399.7304,366.1972394,367.4415382,nan,nan,nan,nan
1398490594,379.956963,387.7304,359.825558,360.5184613,nan,nan,nan,nan
1398490596,381.5871516,399.7304,366.1972394,358.787692,nan,nan,nan,nan
1398490597,379.956963,399.7304,369.3830801,363.9799998,nan,nan,nan,nan
1398490598,384.847529,387.7304,369.3830801,367.4415382,nan,nan,nan,nan
1398490599,399.5192271,399.7304,372.5689207,370.9030767,nan,nan,nan,nan
1398490601,392.9984724,387.7304,366.1972394,363.9799997,nan,nan,nan,nan
1398490602,375.0663969,375.7304,359.825558,358.787692,nan,nan,nan,nan
1398490603,357.2430007,387.7304,366.1972394,353.5953843,nan,nan,nan,nan
1398490604,362.1335667,387.7304,359.825558,355.3261536,nan,nan,nan,nan
1398490606,406.0399819,399.7304,378.9406021,379.5569229,nan,nan,nan,nan
1398490608,407.6701706,399.7304,375.7547614,381.2876921,nan,nan,nan,nan
1398490609,396.2588498,399.7304,372.5689207,370.9030767,nan,nan,nan,nan
1398490610,378.3267743,387.7304,359.825558,357.0569228,nan,nan,nan,nan
1398490611,373.4362082,387.7304,359.825558,353.5953843,nan,nan,nan,nan
1398490612,373.4362082,387.7304,366.1972394,357.0569228,nan,nan,nan,nan
1398490614,389.7380951,411.7304,366.1972394,362.2492305,nan,nan,nan,nan
1398490615,388.1079064,399.7304,372.5689207,369.1723075,nan,nan,nan,nan
1398490616,381.5871516,387.7304,372.5689207,369.1723075,nan,nan,nan,nan
1398490617,383.2173403,411.7304,369.3830801,365.710769,nan,nan,nan,nan
1398490619,402.7796045,399.7304,369.3830801,365.710769,nan,nan,nan,nan
1398490621,396.2588498,399.7304,369.3830801,370.9030767,nan,nan,nan,nan
1398490622,388.1079064,387.7304,369.3830801,369.1723075,nan,nan,nan,nan
1398490623,379.956963,387.7304,359.825558,357.0569228,nan,nan,nan,nan
1398490624,373.4362082,399.7304,359.825558,355.3261536,nan,nan,nan,nan
1398490626,378.3267743,411.7304,372.5689207,363.9799997,nan,nan,nan,nan
1398490628,392.9984724,387.7304,369.3830801,369.1723075,nan,nan,nan,nan
1398490629,396.2588498,387.7304,366.1972394,367.4415382,nan,nan,nan,nan
1398490630,386.4777177,411.7304,369.3830801,365.710769,nan,nan,nan,nan
1398490631,384.847529,387.7304,366.1972394,365.710769,nan,nan,nan,nan
1398490632,391.3682837,399.7304,369.3830801,365.710769,nan,nan,nan,nan
,382.1533932,391.8404,364.2796287,361.3249998,,,,
